,gender,age,household_income,degree,school_degree,parking_strategy,survey_income_interval,income_group
0,2.0,27,3379,3.0,5.0,7.0,6.0,1
1,1.0,48,15491,5.0,2.0,7.0,7.0,2
2,1.0,10,21465,11.0,4.0,7.0,3.0,2
3,2.0,68,8143,5.0,0.0,3.0,4.0,2
4,1.0,17,16846,4.0,1.0,5.0,6.0,2
5,1.0,3,3697,8.0,2.0,3.0,4.0,1
6,1.0,94,26595,7.0,4.0,7.0,6.0,2
7,1.0,87,15746,3.0,5.0,4.0,4.0,2
8,1.0,29,4267,6.0,6.0,7.0,1.0,1
9,1.0,30,12553,5.0,2.0,4.0,2.0,2
10,1.0,75,23587,10.0,1.0,5.0,6.0,2
11,2.0,66,9188,9.0,3.0,7.0,4.0,2
12,2.0,93,1168,12.0,0.0,7.0,1.0,0
13,1.0,60,788,12.0,2.0,4.0,3.0,0
14,2.0,7,15471,2.0,2.0,5.0,4.0,2
15,2.0,51,7219,1.0,3.0,4.0,1.0,2
16,2.0,73,13328,0.0,6.0,5.0,2.0,2
17,2.0,87,26295,11.0,0.0,4.0,6.0,2
18,2.0,64,19442,4.0,5.0,4.0,1.0,2
19,1.0,17,7815,12.0,2.0,3.0,1.0,2
20,2.0,40,5607,8.0,2.0,7.0,2.0,1
21,1.0,21,17497,7.0,4.0,4.0,4.0,2
22,1.0,94,24097,4.0,5.0,5.0,4.0,2
23,2.0,26,6338,12.0,6.0,4.0,5.0,2
24,2.0,15,3865,0.0,5.0,5.0,2.0,1
25,1.0,17,17487,12.0,0.0,4.0,6.0,2
26,1.0,10,19824,11.0,4.0,3.0,1.0,2
27,1.0,17,1693,1.0,4.0,3.0,4.0,0
28,1.0,3,21286,3.0,1.0,3.0,2.0,2
29,2.0,73,1966,10.0,2.0,7.0,6.0,0
30,1.0,29,13399,6.0,1.0,4.0,5.0,2
31,2.0,67,26422,6.0,1.0,5.0,6.0,2
32,1.0,71,10561,1.0,0.0,3.0,6.0,2
33,2.0,80,6938,7.0,2.0,5.0,2.0,2
34,1.0,98,8103,1.0,5.0,7.0,6.0,2
35,1.0,4,13637,1.0,2.0,5.0,7.0,2
36,2.0,61,8218,9.0,3.0,3.0,4.0,2
37,1.0,90,18961,11.0,5.0,3.0,2.0,2
38,1.0,100,18401,0.0,2.0,7.0,7.0,2
39,2.0,6,4445,5.0,4.0,4.0,4.0,1
40,2.0,32,8616,7.0,1.0,5.0,4.0,2
41,1.0,81,24296,4.0,6.0,7.0,5.0,2
42,2.0,37,16107,4.0,3.0,4.0,7.0,2
43,1.0,27,23102,4.0,0.0,4.0,2.0,2
44,1.0,51,15840,8.0,5.0,7.0,7.0,2
45,1.0,78,21218,10.0,0.0,7.0,3.0,2
46,1.0,59,20341,7.0,3.0,4.0,5.0,2
47,1.0,86,12210,5.0,6.0,4.0,1.0,2
48,2.0,95,4600,6.0,2.0,7.0,4.0,1
49,1.0,8,2258,4.0,1.0,7.0,4.0,1
50,2.0,56,4842,9.0,1.0,4.0,3.0,1
51,1.0,29,18842,9.0,4.0,3.0,4.0,2
52,1.0,28,3443,5.0,2.0,4.0,7.0,1
53,1.0,95,9264,12.0,2.0,5.0,1.0,2
54,1.0,34,3974,6.0,5.0,5.0,2.0,1
55,2.0,58,4268,0.0,4.0,7.0,2.0,1
56,1.0,81,8038,0.0,3.0,3.0,3.0,2
57,2.0,92,9536,1.0,6.0,7.0,3.0,2
58,2.0,16,21000,1.0,2.0,3.0,4.0,2
59,1.0,72,10037,11.0,6.0,4.0,4.0,2
60,1.0,59,7148,10.0,2.0,3.0,3.0,2
61,2.0,7,24539,3.0,4.0,4.0,1.0,2
62,1.0,12,2200,0.0,0.0,7.0,7.0,0
63,2.0,32,2003,0.0,4.0,7.0,4.0,0
64,1.0,84,14372,6.0,3.0,7.0,4.0,2
65,2.0,75,2542,2.0,1.0,7.0,3.0,1
66,2.0,93,13437,3.0,6.0,4.0,2.0,2
67,2.0,40,25746,11.0,2.0,3.0,5.0,2
68,2.0,0,2731,2.0,0.0,5.0,1.0,1
69,2.0,84,11794,4.0,0.0,5.0,7.0,2
70,1.0,92,16589,11.0,2.0,7.0,4.0,2
71,1.0,77,14585,0.0,4.0,7.0,1.0,2
72,2.0,37,14064,12.0,2.0,5.0,2.0,2
73,2.0,47,13635,5.0,6.0,4.0,2.0,2
74,2.0,61,471,3.0,1.0,4.0,4.0,0
75,1.0,50,3114,1.0,6.0,3.0,5.0,1
76,1.0,68,21508,4.0,1.0,3.0,4.0,2
77,2.0,76,3249,9.0,1.0,7.0,6.0,1
78,1.0,57,3669,4.0,5.0,7.0,2.0,1
79,2.0,4,7365,12.0,3.0,5.0,1.0,2
80,2.0,36,9902,1.0,6.0,3.0,2.0,2
81,1.0,80,17515,9.0,1.0,7.0,3.0,2
82,2.0,82,3137,2.0,6.0,5.0,4.0,1
83,1.0,37,23358,9.0,4.0,4.0,1.0,2
84,1.0,94,21342,11.0,3.0,3.0,2.0,2
85,1.0,35,21290,6.0,3.0,7.0,6.0,2
86,1.0,48,11011,4.0,4.0,3.0,4.0,2
87,1.0,0,3176,10.0,4.0,3.0,3.0,1
88,1.0,49,21113,5.0,6.0,5.0,6.0,2
89,2.0,57,26024,9.0,0.0,7.0,6.0,2
90,1.0,9,4812,10.0,5.0,3.0,2.0,1
91,1.0,50,6380,6.0,6.0,3.0,3.0,2
92,2.0,97,26963,6.0,6.0,7.0,2.0,2
93,2.0,48,1990,2.0,1.0,3.0,2.0,0
94,1.0,12,1955,6.0,0.0,5.0,5.0,0
95,2.0,70,12363,12.0,6.0,3.0,5.0,2
96,2.0,36,9602,7.0,3.0,7.0,3.0,2
97,1.0,99,13941,12.0,2.0,5.0,4.0,2
98,1.0,36,23493,10.0,5.0,3.0,7.0,2
99,2.0,30,9556,9.0,4.0,7.0,4.0,2
100,1.0,19,14854,9.0,3.0,7.0,6.0,2
101,2.0,38,4161,10.0,4.0,7.0,7.0,1
102,2.0,44,3823,8.0,1.0,3.0,6.0,1
103,1.0,35,17072,7.0,0.0,5.0,6.0,2
104,2.0,14,4123,2.0,6.0,3.0,2.0,1
105,2.0,29,6012,6.0,1.0,7.0,2.0,2
106,2.0,51,21823,1.0,4.0,4.0,3.0,2
107,1.0,60,20999,5.0,6.0,5.0,1.0,2
108,1.0,81,9866,2.0,2.0,4.0,5.0,2
109,2.0,67,15434,9.0,2.0,4.0,5.0,2
110,1.0,29,20493,4.0,0.0,5.0,5.0,2
111,2.0,27,19760,7.0,6.0,5.0,5.0,2
112,2.0,3,17570,7.0,1.0,3.0,7.0,2
113,2.0,33,8960,10.0,4.0,4.0,5.0,2
114,2.0,51,10567,1.0,5.0,3.0,3.0,2
115,2.0,27,22670,9.0,1.0,3.0,4.0,2
116,1.0,100,7705,6.0,3.0,3.0,6.0,2
117,2.0,56,26907,5.0,3.0,5.0,4.0,2
118,1.0,21,26795,12.0,3.0,4.0,7.0,2
119,2.0,39,27068,3.0,4.0,7.0,3.0,2
120,1.0,74,4637,8.0,3.0,5.0,6.0,1
121,1.0,29,11158,5.0,0.0,5.0,7.0,2
122,1.0,29,15026,11.0,3.0,4.0,1.0,2
123,1.0,61,1864,4.0,6.0,4.0,3.0,0
124,1.0,58,5665,4.0,6.0,4.0,6.0,1
125,2.0,24,20634,8.0,6.0,4.0,2.0,2
126,1.0,16,25482,11.0,4.0,4.0,5.0,2
127,1.0,64,793,11.0,3.0,7.0,2.0,0
128,1.0,100,6770,4.0,1.0,3.0,6.0,2
129,1.0,98,25289,0.0,3.0,3.0,7.0,2
130,2.0,13,16926,4.0,0.0,5.0,7.0,2
131,1.0,1,22013,3.0,6.0,3.0,1.0,2
132,1.0,2,14001,6.0,2.0,3.0,6.0,2
133,2.0,66,9196,1.0,3.0,3.0,3.0,2
134,2.0,19,7337,1.0,6.0,7.0,3.0,2
135,1.0,76,3864,7.0,3.0,7.0,5.0,1
136,2.0,30,6481,9.0,2.0,3.0,2.0,2
137,2.0,39,10166,5.0,4.0,4.0,7.0,2
138,2.0,85,23109,0.0,0.0,3.0,5.0,2
139,2.0,77,12112,7.0,5.0,4.0,5.0,2
140,1.0,49,18118,0.0,0.0,5.0,3.0,2
141,1.0,26,8805,6.0,0.0,4.0,1.0,2
142,2.0,12,15567,8.0,5.0,7.0,5.0,2
143,2.0,64,11248,5.0,3.0,5.0,4.0,2
144,1.0,1,19599,2.0,1.0,7.0,5.0,2
145,2.0,36,10891,3.0,3.0,7.0,2.0,2
146,1.0,10,11857,7.0,2.0,7.0,2.0,2
147,1.0,32,24882,12.0,0.0,3.0,5.0,2
148,1.0,28,22309,7.0,3.0,7.0,1.0,2
149,1.0,58,2949,12.0,5.0,7.0,7.0,1
150,2.0,66,5048,1.0,3.0,7.0,6.0,1
151,2.0,92,2975,11.0,3.0,3.0,5.0,1
152,2.0,65,17220,0.0,6.0,3.0,5.0,2
153,1.0,77,13510,6.0,3.0,7.0,2.0,2
154,2.0,83,26169,3.0,0.0,7.0,2.0,2
155,1.0,47,19832,7.0,6.0,5.0,6.0,2
156,1.0,81,840,0.0,4.0,7.0,7.0,0
157,1.0,36,18295,1.0,1.0,4.0,1.0,2
158,2.0,71,16297,9.0,3.0,3.0,1.0,2
159,1.0,53,19617,8.0,0.0,5.0,1.0,2
160,2.0,70,1844,6.0,6.0,4.0,7.0,0
161,2.0,9,1938,11.0,2.0,7.0,1.0,0
162,1.0,15,25235,1.0,2.0,5.0,4.0,2
163,2.0,18,26224,8.0,6.0,5.0,3.0,2
164,1.0,29,8707,9.0,0.0,3.0,7.0,2
165,1.0,53,590,8.0,2.0,4.0,7.0,0
166,2.0,60,657,7.0,2.0,5.0,2.0,0
167,2.0,42,7942,9.0,3.0,3.0,4.0,2
168,1.0,82,21338,1.0,5.0,4.0,6.0,2
169,2.0,2,25318,7.0,5.0,3.0,1.0,2
170,1.0,29,3036,10.0,3.0,3.0,7.0,1
171,2.0,17,5787,3.0,3.0,5.0,2.0,1
172,1.0,35,13918,0.0,5.0,3.0,7.0,2
173,2.0,19,7696,9.0,3.0,5.0,5.0,2
174,1.0,16,27043,7.0,3.0,7.0,3.0,2
175,2.0,23,3318,10.0,5.0,7.0,6.0,1
176,1.0,12,24996,11.0,6.0,7.0,5.0,2
177,2.0,99,5727,7.0,4.0,7.0,3.0,1
178,2.0,56,4132,3.0,3.0,4.0,6.0,1
179,2.0,66,9763,8.0,5.0,5.0,1.0,2
180,1.0,20,4758,1.0,2.0,5.0,3.0,1
181,2.0,3,18291,12.0,3.0,7.0,2.0,2
182,1.0,81,27160,0.0,3.0,3.0,6.0,2
183,2.0,44,10109,3.0,6.0,5.0,2.0,2
184,1.0,38,4839,9.0,4.0,7.0,7.0,1
185,2.0,42,24466,0.0,3.0,3.0,6.0,2
186,2.0,74,2480,10.0,0.0,7.0,1.0,1
187,2.0,37,14434,8.0,4.0,5.0,4.0,2
188,2.0,40,8256,0.0,0.0,7.0,1.0,2
189,2.0,27,20261,6.0,5.0,3.0,1.0,2
190,1.0,4,2428,9.0,5.0,4.0,2.0,1
191,2.0,51,10720,7.0,2.0,7.0,5.0,2
192,2.0,22,12992,4.0,1.0,7.0,4.0,2
193,1.0,37,10317,9.0,6.0,4.0,1.0,2
194,2.0,35,26833,9.0,5.0,3.0,3.0,2
195,2.0,30,18010,6.0,2.0,7.0,1.0,2
196,2.0,7,20203,4.0,3.0,7.0,3.0,2
197,1.0,88,7177,6.0,3.0,3.0,4.0,2
198,2.0,88,22452,2.0,0.0,7.0,6.0,2
199,2.0,15,2178,8.0,5.0,3.0,5.0,0
200,1.0,10,1365,1.0,1.0,4.0,1.0,0
201,2.0,19,14039,6.0,2.0,3.0,7.0,2
202,1.0,77,19174,6.0,6.0,7.0,5.0,2
203,2.0,56,8195,0.0,2.0,3.0,5.0,2
204,2.0,18,11546,5.0,0.0,7.0,6.0,2
205,1.0,71,6357,10.0,1.0,5.0,1.0,2
206,1.0,60,19704,2.0,4.0,4.0,3.0,2
207,2.0,24,17270,1.0,6.0,4.0,6.0,2
208,2.0,32,21759,4.0,6.0,3.0,6.0,2
209,2.0,39,23009,11.0,3.0,4.0,7.0,2
210,1.0,100,13055,6.0,6.0,7.0,3.0,2
211,1.0,16,6945,6.0,6.0,4.0,2.0,2
212,2.0,52,15018,3.0,0.0,4.0,2.0,2
213,2.0,90,8913,0.0,3.0,7.0,1.0,2
214,2.0,80,2410,3.0,6.0,5.0,3.0,1
215,2.0,46,1264,9.0,1.0,3.0,7.0,0
216,2.0,96,10568,12.0,6.0,4.0,5.0,2
217,1.0,94,18884,0.0,5.0,4.0,2.0,2
218,2.0,84,1639,2.0,0.0,4.0,3.0,0
219,1.0,23,15185,5.0,6.0,4.0,4.0,2
220,2.0,15,9099,7.0,6.0,7.0,4.0,2
221,2.0,44,18064,6.0,4.0,4.0,4.0,2
222,2.0,83,7067,12.0,4.0,7.0,5.0,2
223,1.0,55,4926,0.0,2.0,3.0,4.0,1
224,1.0,98,2695,10.0,1.0,7.0,2.0,1
225,1.0,27,12592,11.0,4.0,3.0,7.0,2
226,2.0,45,1368,5.0,2.0,5.0,3.0,0
227,2.0,98,18856,9.0,1.0,4.0,7.0,2
228,1.0,81,14578,1.0,2.0,4.0,3.0,2
229,1.0,87,15968,6.0,4.0,4.0,2.0,2
230,1.0,27,16056,2.0,4.0,5.0,7.0,2
231,1.0,77,6955,3.0,0.0,4.0,7.0,2
232,2.0,48,24607,1.0,3.0,3.0,6.0,2
233,2.0,87,5871,9.0,1.0,7.0,1.0,1
234,2.0,94,27181,7.0,2.0,4.0,5.0,2
235,1.0,5,6026,6.0,6.0,5.0,7.0,2
236,1.0,97,12407,0.0,4.0,4.0,5.0,2
237,2.0,98,11931,0.0,1.0,5.0,5.0,2
238,1.0,28,5857,10.0,6.0,4.0,2.0,1
239,2.0,65,15033,9.0,4.0,5.0,2.0,2
240,2.0,68,19532,10.0,5.0,4.0,1.0,2
241,1.0,85,23455,0.0,6.0,4.0,6.0,2
242,2.0,72,7124,10.0,0.0,3.0,7.0,2
243,1.0,33,20373,6.0,4.0,5.0,7.0,2
244,1.0,99,13758,5.0,4.0,3.0,2.0,2
245,1.0,48,17618,7.0,2.0,4.0,1.0,2
246,1.0,99,4092,11.0,6.0,5.0,4.0,1
247,2.0,89,1599,11.0,1.0,3.0,1.0,0
248,2.0,69,19277,2.0,3.0,4.0,5.0,2
249,2.0,65,1859,1.0,2.0,3.0,6.0,0
250,1.0,99,2106,5.0,4.0,7.0,5.0,0
251,1.0,71,17760,0.0,1.0,5.0,7.0,2
252,1.0,1,7858,8.0,5.0,5.0,4.0,2
253,2.0,1,24398,11.0,2.0,4.0,7.0,2
254,1.0,71,14302,12.0,6.0,3.0,3.0,2
255,1.0,25,13892,10.0,1.0,3.0,4.0,2
256,1.0,100,12271,0.0,0.0,3.0,6.0,2
257,1.0,77,22098,3.0,1.0,7.0,6.0,2
258,2.0,50,1328,9.0,1.0,5.0,5.0,0
259,2.0,27,4399,2.0,3.0,7.0,5.0,1
260,1.0,96,14382,2.0,3.0,3.0,4.0,2
261,1.0,43,11133,10.0,2.0,5.0,7.0,2
262,2.0,19,5154,7.0,2.0,4.0,4.0,1
263,2.0,98,12729,11.0,5.0,7.0,3.0,2
264,2.0,45,11821,5.0,0.0,3.0,1.0,2
265,1.0,100,11934,3.0,4.0,7.0,4.0,2
266,1.0,80,20501,1.0,3.0,3.0,1.0,2
267,2.0,43,20802,9.0,2.0,3.0,4.0,2
268,1.0,67,12728,7.0,3.0,3.0,2.0,2
269,1.0,8,18954,11.0,3.0,5.0,1.0,2
270,1.0,83,20471,1.0,3.0,7.0,3.0,2
271,1.0,46,14408,10.0,2.0,3.0,7.0,2
272,1.0,64,25196,1.0,0.0,3.0,3.0,2
273,2.0,20,1198,11.0,2.0,4.0,4.0,0
274,2.0,96,13024,6.0,5.0,7.0,5.0,2
275,2.0,98,19337,7.0,1.0,7.0,6.0,2
276,1.0,5,14884,7.0,6.0,4.0,7.0,2
277,2.0,85,18738,9.0,0.0,3.0,2.0,2
278,1.0,24,4689,2.0,6.0,7.0,7.0,1
279,2.0,2,25651,3.0,1.0,7.0,2.0,2
280,1.0,71,6111,2.0,4.0,4.0,3.0,2
281,1.0,75,15690,8.0,5.0,4.0,5.0,2
282,2.0,28,19045,4.0,5.0,7.0,4.0,2
283,2.0,95,11085,9.0,3.0,4.0,5.0,2
284,2.0,65,1346,0.0,1.0,7.0,3.0,0
285,1.0,80,18136,0.0,3.0,3.0,7.0,2
286,2.0,82,3520,10.0,6.0,3.0,4.0,1
287,2.0,14,23955,4.0,6.0,5.0,3.0,2
288,1.0,21,368,7.0,1.0,5.0,6.0,0
289,1.0,69,3727,1.0,0.0,3.0,6.0,1
290,1.0,33,16691,6.0,6.0,7.0,6.0,2
291,1.0,2,12600,3.0,2.0,7.0,2.0,2
292,2.0,27,4889,6.0,5.0,7.0,1.0,1
293,1.0,19,23180,6.0,3.0,4.0,7.0,2
294,2.0,15,9062,2.0,5.0,7.0,7.0,2
295,2.0,71,21443,2.0,1.0,3.0,5.0,2
296,2.0,29,9112,6.0,1.0,4.0,2.0,2
297,2.0,35,1471,0.0,6.0,3.0,2.0,0
298,1.0,97,12597,5.0,4.0,4.0,5.0,2
299,1.0,48,428,9.0,2.0,7.0,6.0,0
300,1.0,49,674,6.0,4.0,5.0,3.0,0
301,2.0,80,10270,6.0,1.0,3.0,6.0,2
302,1.0,56,13988,3.0,5.0,7.0,2.0,2
303,2.0,63,25246,2.0,2.0,5.0,4.0,2
304,2.0,88,19176,1.0,3.0,4.0,4.0,2
305,1.0,58,8210,1.0,4.0,5.0,6.0,2
306,1.0,5,11848,6.0,4.0,7.0,3.0,2
307,1.0,51,13354,0.0,5.0,5.0,5.0,2
308,1.0,61,9749,1.0,1.0,5.0,6.0,2
309,1.0,83,22056,6.0,6.0,7.0,3.0,2
310,1.0,17,17470,11.0,2.0,5.0,3.0,2
311,2.0,45,3008,0.0,5.0,7.0,4.0,1
312,2.0,96,4596,11.0,1.0,3.0,5.0,1
313,1.0,62,1309,7.0,2.0,7.0,3.0,0
314,1.0,22,2025,6.0,2.0,5.0,6.0,0
315,1.0,97,9804,4.0,3.0,5.0,1.0,2
316,1.0,9,4313,7.0,1.0,5.0,1.0,1
317,1.0,5,6766,10.0,6.0,5.0,3.0,2
318,1.0,76,5942,11.0,1.0,5.0,2.0,2
319,1.0,61,25579,8.0,1.0,3.0,6.0,2
320,1.0,42,3939,4.0,0.0,7.0,2.0,1
321,1.0,16,6774,1.0,5.0,3.0,3.0,2
322,1.0,59,14958,3.0,6.0,5.0,4.0,2
323,2.0,17,20736,8.0,6.0,7.0,5.0,2
324,2.0,68,26605,11.0,4.0,3.0,3.0,2
325,2.0,60,9251,3.0,4.0,5.0,2.0,2
326,2.0,25,15262,3.0,3.0,5.0,3.0,2
327,1.0,14,26053,4.0,3.0,5.0,2.0,2
328,1.0,61,12709,7.0,6.0,5.0,4.0,2
329,1.0,53,15961,9.0,2.0,4.0,3.0,2
330,2.0,81,14242,2.0,2.0,4.0,7.0,2
331,1.0,29,4761,7.0,1.0,5.0,7.0,1
332,1.0,70,11516,3.0,4.0,4.0,6.0,2
333,1.0,28,16718,7.0,3.0,4.0,3.0,2
334,1.0,74,18067,0.0,6.0,7.0,6.0,2
335,1.0,5,14454,11.0,0.0,4.0,2.0,2
336,1.0,100,13372,5.0,1.0,7.0,3.0,2
337,1.0,100,22574,2.0,5.0,5.0,4.0,2
338,2.0,84,25007,5.0,1.0,3.0,5.0,2
339,2.0,55,16995,9.0,4.0,5.0,5.0,2
340,2.0,50,798,7.0,2.0,5.0,6.0,0
341,2.0,86,775,0.0,1.0,4.0,7.0,0
342,1.0,53,7950,11.0,4.0,5.0,1.0,2
343,1.0,10,13422,0.0,5.0,7.0,1.0,2
344,2.0,43,23194,5.0,1.0,4.0,2.0,2
345,1.0,59,10447,12.0,5.0,4.0,3.0,2
346,2.0,30,22373,11.0,4.0,7.0,5.0,2
347,2.0,59,3277,4.0,4.0,4.0,6.0,1
348,1.0,14,19648,10.0,4.0,3.0,3.0,2
349,2.0,48,5717,3.0,2.0,4.0,4.0,1
350,1.0,56,9731,1.0,6.0,7.0,6.0,2
351,2.0,65,26627,8.0,4.0,5.0,7.0,2
352,1.0,7,23946,11.0,3.0,3.0,3.0,2
353,2.0,69,20805,4.0,1.0,4.0,3.0,2
354,2.0,15,26394,11.0,2.0,7.0,2.0,2
355,2.0,52,18647,3.0,0.0,4.0,2.0,2
356,2.0,32,871,11.0,0.0,7.0,5.0,0
357,1.0,87,3342,11.0,6.0,4.0,5.0,1
358,1.0,78,17963,1.0,5.0,5.0,2.0,2
359,1.0,34,8287,3.0,5.0,3.0,1.0,2
360,2.0,29,11386,1.0,3.0,7.0,6.0,2
361,1.0,51,7343,5.0,1.0,5.0,1.0,2
362,2.0,89,2812,3.0,2.0,7.0,7.0,1
363,1.0,53,18015,12.0,3.0,4.0,1.0,2
364,2.0,4,15704,1.0,0.0,4.0,5.0,2
365,2.0,64,8501,12.0,2.0,3.0,3.0,2
366,2.0,26,10484,4.0,1.0,4.0,1.0,2
367,2.0,84,6607,5.0,0.0,4.0,6.0,2
368,1.0,5,18377,4.0,2.0,7.0,6.0,2
369,1.0,88,12846,8.0,5.0,7.0,7.0,2
370,1.0,17,27234,5.0,3.0,4.0,5.0,2
371,2.0,68,26631,9.0,0.0,5.0,5.0,2
372,1.0,56,3738,9.0,5.0,4.0,1.0,1
373,2.0,32,7004,5.0,1.0,3.0,2.0,2
374,2.0,81,5041,10.0,3.0,5.0,7.0,1
375,1.0,72,3198,8.0,2.0,7.0,3.0,1
376,1.0,73,10974,10.0,3.0,7.0,6.0,2
377,1.0,100,9162,7.0,6.0,4.0,7.0,2
378,2.0,31,1281,3.0,6.0,4.0,4.0,0
379,1.0,94,25996,6.0,1.0,3.0,7.0,2
380,1.0,73,2162,4.0,1.0,4.0,6.0,0
381,2.0,48,23222,9.0,3.0,3.0,3.0,2
382,1.0,99,15169,8.0,2.0,7.0,2.0,2
383,2.0,32,19398,5.0,6.0,4.0,4.0,2
384,1.0,14,11886,1.0,1.0,3.0,4.0,2
385,1.0,61,15169,2.0,3.0,4.0,1.0,2
386,2.0,87,667,3.0,2.0,5.0,4.0,0
387,2.0,32,23526,1.0,1.0,7.0,2.0,2
388,1.0,56,22270,9.0,4.0,4.0,6.0,2
389,1.0,28,4810,4.0,0.0,5.0,1.0,1
390,2.0,43,2872,8.0,6.0,5.0,1.0,1
391,1.0,97,17786,7.0,1.0,3.0,7.0,2
392,1.0,50,11839,5.0,2.0,4.0,1.0,2
393,1.0,46,6675,10.0,2.0,3.0,1.0,2
394,1.0,72,4676,3.0,5.0,7.0,5.0,1
395,1.0,37,21555,5.0,3.0,5.0,1.0,2
396,1.0,2,20962,1.0,3.0,7.0,6.0,2
397,2.0,17,5125,11.0,6.0,5.0,6.0,1
398,2.0,15,11547,6.0,6.0,5.0,1.0,2
399,1.0,67,6849,4.0,2.0,7.0,6.0,2
400,2.0,85,11670,9.0,3.0,3.0,5.0,2
401,1.0,93,24118,8.0,2.0,3.0,2.0,2
402,2.0,22,21907,2.0,2.0,5.0,1.0,2
403,2.0,82,27255,3.0,1.0,3.0,6.0,2
404,1.0,7,15936,10.0,0.0,4.0,5.0,2
405,1.0,55,21810,8.0,6.0,3.0,4.0,2
406,1.0,49,24053,9.0,6.0,4.0,7.0,2
407,1.0,26,22538,4.0,3.0,5.0,2.0,2
408,1.0,4,22408,5.0,3.0,3.0,6.0,2
409,2.0,89,11867,5.0,1.0,4.0,5.0,2
410,1.0,26,4961,11.0,3.0,3.0,2.0,1
411,1.0,60,15418,12.0,4.0,7.0,4.0,2
412,1.0,83,4487,0.0,2.0,7.0,3.0,1
413,2.0,78,26577,11.0,1.0,3.0,7.0,2
414,2.0,18,4508,1.0,2.0,3.0,1.0,1
415,1.0,96,3838,10.0,5.0,3.0,2.0,1
416,1.0,91,20756,5.0,1.0,4.0,3.0,2
417,2.0,36,12118,9.0,4.0,4.0,7.0,2
418,1.0,20,15398,0.0,5.0,4.0,6.0,2
419,1.0,3,10873,8.0,1.0,7.0,1.0,2
420,1.0,18,20352,9.0,3.0,3.0,2.0,2
421,2.0,77,2803,11.0,5.0,5.0,5.0,1
422,2.0,51,24955,7.0,0.0,4.0,7.0,2
423,2.0,49,4493,3.0,6.0,3.0,2.0,1
424,1.0,31,10903,6.0,0.0,4.0,6.0,2
425,2.0,97,22076,4.0,3.0,3.0,4.0,2
426,2.0,18,19743,11.0,1.0,7.0,6.0,2
427,2.0,12,10632,2.0,3.0,3.0,1.0,2
428,2.0,91,10636,6.0,3.0,5.0,3.0,2
429,2.0,98,24454,1.0,3.0,7.0,1.0,2
430,2.0,71,6362,4.0,6.0,4.0,7.0,2
431,1.0,94,7509,11.0,3.0,7.0,5.0,2
432,1.0,45,23798,2.0,6.0,5.0,3.0,2
433,1.0,80,8143,7.0,1.0,7.0,4.0,2
434,2.0,65,23293,6.0,4.0,7.0,6.0,2
435,2.0,88,22799,4.0,6.0,3.0,7.0,2
436,1.0,16,11194,4.0,3.0,5.0,2.0,2
437,1.0,45,15081,11.0,6.0,3.0,4.0,2
438,1.0,91,18426,4.0,0.0,4.0,5.0,2
439,2.0,37,2187,10.0,5.0,7.0,3.0,0
440,1.0,50,25883,9.0,1.0,7.0,7.0,2
441,2.0,24,9064,5.0,3.0,5.0,4.0,2
442,1.0,48,7982,8.0,0.0,4.0,5.0,2
443,2.0,76,15179,4.0,0.0,5.0,6.0,2
444,1.0,4,12251,11.0,5.0,3.0,5.0,2
445,1.0,51,22878,5.0,5.0,3.0,3.0,2
446,1.0,46,23166,0.0,6.0,4.0,4.0,2
447,2.0,40,21246,2.0,5.0,4.0,5.0,2
448,1.0,14,23037,5.0,3.0,7.0,7.0,2
449,2.0,10,18153,12.0,2.0,3.0,3.0,2
450,2.0,27,13370,11.0,5.0,4.0,7.0,2
451,1.0,78,9283,7.0,0.0,4.0,5.0,2
452,2.0,13,17281,6.0,0.0,7.0,5.0,2
453,1.0,4,14442,6.0,0.0,7.0,3.0,2
454,2.0,86,21156,8.0,5.0,4.0,3.0,2
455,2.0,15,6299,11.0,6.0,3.0,6.0,2
456,1.0,29,25084,12.0,3.0,4.0,5.0,2
457,2.0,78,10435,3.0,2.0,3.0,1.0,2
458,2.0,42,2736,8.0,4.0,4.0,1.0,1
459,2.0,25,21835,12.0,1.0,3.0,2.0,2
460,2.0,75,22364,2.0,4.0,5.0,5.0,2
461,2.0,95,3861,6.0,4.0,7.0,7.0,1
462,2.0,91,18281,11.0,3.0,4.0,1.0,2
463,2.0,22,20582,3.0,3.0,4.0,6.0,2
464,2.0,43,11935,10.0,5.0,7.0,7.0,2
465,2.0,84,9534,10.0,1.0,3.0,5.0,2
466,1.0,55,21886,5.0,6.0,4.0,7.0,2
467,2.0,2,16151,12.0,3.0,4.0,4.0,2
468,1.0,25,7722,3.0,3.0,4.0,3.0,2
469,1.0,0,5727,4.0,5.0,3.0,7.0,1
470,2.0,95,17702,9.0,1.0,4.0,7.0,2
471,1.0,56,7448,11.0,0.0,5.0,5.0,2
472,1.0,70,22761,0.0,2.0,4.0,1.0,2
473,1.0,82,14335,3.0,6.0,4.0,6.0,2
474,2.0,86,21511,0.0,1.0,7.0,1.0,2
475,2.0,62,1723,8.0,1.0,3.0,7.0,0
476,1.0,46,7758,4.0,5.0,5.0,4.0,2
477,1.0,89,20986,6.0,2.0,7.0,5.0,2
478,1.0,77,6604,4.0,0.0,3.0,6.0,2
479,1.0,12,2512,0.0,4.0,3.0,7.0,1
480,2.0,62,24742,8.0,3.0,4.0,2.0,2
481,1.0,37,21680,10.0,4.0,7.0,3.0,2
482,2.0,83,27264,8.0,0.0,3.0,3.0,2
483,1.0,31,5586,11.0,4.0,5.0,2.0,1
484,2.0,28,22721,9.0,4.0,4.0,3.0,2
485,2.0,59,25714,11.0,5.0,4.0,5.0,2
486,2.0,83,22021,4.0,6.0,4.0,3.0,2
487,2.0,40,14872,5.0,2.0,4.0,6.0,2
488,1.0,89,575,4.0,1.0,5.0,5.0,0
489,1.0,29,9773,11.0,0.0,4.0,4.0,2
490,1.0,28,8603,7.0,4.0,3.0,4.0,2
491,1.0,52,14560,10.0,6.0,7.0,3.0,2
492,1.0,42,11780,0.0,5.0,3.0,1.0,2
493,2.0,10,26085,7.0,6.0,4.0,2.0,2
494,1.0,84,10921,2.0,2.0,7.0,2.0,2
495,2.0,17,17776,8.0,5.0,4.0,5.0,2
496,1.0,0,9132,12.0,1.0,4.0,2.0,2
497,2.0,39,13778,4.0,3.0,5.0,3.0,2
498,1.0,38,5212,0.0,3.0,5.0,2.0,1
499,2.0,98,3304,5.0,1.0,3.0,3.0,1
500,1.0,65,27179,2.0,2.0,5.0,1.0,2
501,1.0,48,19794,11.0,0.0,7.0,4.0,2
502,2.0,86,17635,7.0,5.0,7.0,1.0,2
503,2.0,45,14064,2.0,3.0,7.0,4.0,2
504,2.0,49,16622,8.0,0.0,4.0,5.0,2
505,1.0,22,18932,5.0,2.0,4.0,2.0,2
506,1.0,92,2657,5.0,2.0,4.0,3.0,1
507,1.0,65,9578,2.0,4.0,4.0,5.0,2
508,2.0,85,3462,1.0,2.0,5.0,6.0,1
509,2.0,66,10131,4.0,5.0,4.0,6.0,2
510,1.0,32,23253,0.0,3.0,7.0,1.0,2
511,2.0,50,22267,6.0,3.0,3.0,7.0,2
512,2.0,70,23421,1.0,4.0,3.0,4.0,2
513,1.0,35,9225,12.0,1.0,3.0,5.0,2
514,2.0,100,23141,6.0,3.0,7.0,3.0,2
515,2.0,23,5000,5.0,2.0,3.0,7.0,1
516,2.0,82,23578,5.0,4.0,4.0,6.0,2
517,1.0,89,4999,2.0,6.0,5.0,2.0,1
518,2.0,79,16331,9.0,1.0,3.0,3.0,2
519,1.0,27,3662,5.0,5.0,5.0,7.0,1
520,2.0,85,24026,4.0,1.0,3.0,7.0,2
521,1.0,1,25301,8.0,3.0,5.0,6.0,2
522,2.0,9,10562,4.0,3.0,5.0,2.0,2
523,1.0,81,7233,4.0,4.0,4.0,2.0,2
524,1.0,11,15271,9.0,0.0,5.0,1.0,2
525,2.0,64,14989,2.0,3.0,5.0,3.0,2
526,2.0,67,850,6.0,1.0,3.0,3.0,0
527,1.0,61,20624,4.0,2.0,4.0,7.0,2
528,2.0,54,3134,7.0,4.0,7.0,1.0,1
529,1.0,36,369,4.0,6.0,4.0,1.0,0
530,2.0,84,19583,9.0,6.0,7.0,4.0,2
531,1.0,19,24666,0.0,2.0,3.0,4.0,2
532,2.0,69,995,8.0,2.0,3.0,4.0,0
533,2.0,84,15387,9.0,0.0,4.0,7.0,2
534,2.0,62,13621,4.0,6.0,5.0,4.0,2
535,2.0,68,22826,0.0,4.0,3.0,6.0,2
536,1.0,41,24149,3.0,1.0,5.0,7.0,2
537,1.0,80,5571,4.0,4.0,5.0,1.0,1
538,2.0,16,27106,9.0,2.0,7.0,4.0,2
539,1.0,57,5286,12.0,0.0,7.0,2.0,1
540,2.0,5,12573,0.0,5.0,4.0,5.0,2
541,1.0,96,20543,5.0,4.0,3.0,3.0,2
542,1.0,22,3692,3.0,3.0,7.0,7.0,1
543,2.0,3,16710,3.0,6.0,4.0,2.0,2
544,1.0,8,10951,12.0,4.0,4.0,3.0,2
545,2.0,62,7550,3.0,0.0,3.0,3.0,2
546,2.0,92,17547,11.0,5.0,3.0,4.0,2
547,2.0,41,13747,6.0,3.0,7.0,5.0,2
548,2.0,74,22234,6.0,1.0,3.0,4.0,2
549,2.0,92,1431,8.0,4.0,3.0,1.0,0
550,1.0,95,7386,6.0,6.0,4.0,5.0,2
551,1.0,11,2323,4.0,3.0,5.0,5.0,1
552,2.0,34,25323,9.0,4.0,7.0,1.0,2
553,2.0,91,20252,7.0,3.0,5.0,3.0,2
554,2.0,49,10357,1.0,3.0,4.0,3.0,2
555,2.0,71,9830,12.0,3.0,7.0,5.0,2
556,1.0,39,9190,6.0,5.0,5.0,1.0,2
557,1.0,58,11267,7.0,4.0,3.0,5.0,2
558,2.0,5,6546,2.0,0.0,3.0,5.0,2
559,2.0,73,20137,4.0,0.0,4.0,3.0,2
560,1.0,88,25471,11.0,2.0,3.0,1.0,2
561,2.0,12,5298,0.0,3.0,7.0,1.0,1
562,1.0,97,9895,7.0,4.0,7.0,6.0,2
563,1.0,59,8121,12.0,3.0,3.0,6.0,2
564,1.0,78,22820,9.0,6.0,5.0,1.0,2
565,1.0,15,18024,7.0,4.0,5.0,7.0,2
566,1.0,4,21530,5.0,4.0,4.0,6.0,2
567,1.0,22,26385,4.0,6.0,4.0,4.0,2
568,1.0,52,9502,4.0,4.0,7.0,2.0,2
569,1.0,66,24728,8.0,3.0,7.0,3.0,2
570,1.0,71,15528,3.0,5.0,3.0,6.0,2
571,1.0,72,19041,12.0,4.0,4.0,5.0,2
572,1.0,5,12702,4.0,0.0,3.0,5.0,2
573,2.0,39,12137,1.0,6.0,5.0,4.0,2
574,2.0,79,1788,8.0,5.0,5.0,7.0,0
575,1.0,79,22569,1.0,0.0,7.0,5.0,2
576,1.0,41,14944,0.0,4.0,3.0,1.0,2
577,1.0,89,19808,6.0,2.0,3.0,2.0,2
578,1.0,22,12351,4.0,3.0,7.0,2.0,2
579,2.0,89,11677,1.0,2.0,5.0,6.0,2
580,2.0,89,4328,11.0,1.0,4.0,1.0,1
581,1.0,19,22674,9.0,2.0,7.0,5.0,2
582,2.0,62,13124,7.0,1.0,7.0,7.0,2
583,2.0,29,26048,10.0,5.0,7.0,4.0,2
584,1.0,9,23894,8.0,6.0,7.0,7.0,2
585,2.0,11,6384,2.0,4.0,7.0,7.0,2
586,1.0,99,14567,8.0,1.0,7.0,3.0,2
587,2.0,26,7494,0.0,2.0,5.0,5.0,2
588,1.0,82,23036,1.0,1.0,5.0,1.0,2
589,2.0,72,27040,7.0,4.0,3.0,5.0,2
590,2.0,1,6476,0.0,4.0,4.0,6.0,2
591,1.0,99,5066,10.0,6.0,5.0,7.0,1
592,2.0,46,8417,11.0,0.0,3.0,4.0,2
593,2.0,55,17858,0.0,4.0,5.0,5.0,2
594,2.0,10,2049,12.0,1.0,3.0,2.0,0
595,2.0,74,19465,5.0,4.0,4.0,2.0,2
596,2.0,24,9349,10.0,3.0,3.0,5.0,2
597,1.0,95,15746,5.0,0.0,7.0,1.0,2
598,2.0,43,26814,1.0,1.0,5.0,4.0,2
599,1.0,91,5298,0.0,5.0,5.0,1.0,1
600,2.0,13,23340,2.0,6.0,3.0,1.0,2
601,2.0,78,14173,5.0,1.0,4.0,2.0,2
602,1.0,55,359,2.0,4.0,4.0,3.0,0
603,1.0,5,11025,3.0,0.0,5.0,2.0,2
604,1.0,23,9136,2.0,6.0,7.0,6.0,2
605,1.0,42,972,11.0,6.0,7.0,5.0,0
606,2.0,49,2680,11.0,2.0,4.0,1.0,1
607,2.0,75,2444,0.0,5.0,3.0,5.0,1
608,1.0,56,2608,1.0,2.0,3.0,6.0,1
609,2.0,43,19264,0.0,3.0,4.0,6.0,2
610,1.0,24,17180,10.0,3.0,7.0,5.0,2
611,1.0,81,7776,3.0,0.0,3.0,2.0,2
612,1.0,21,764,3.0,4.0,3.0,6.0,0
613,1.0,94,22409,3.0,3.0,5.0,6.0,2
614,2.0,18,19486,10.0,6.0,5.0,4.0,2
615,2.0,63,2755,6.0,2.0,4.0,6.0,1
616,1.0,89,7689,4.0,4.0,3.0,4.0,2
617,2.0,29,1811,7.0,3.0,3.0,2.0,0
618,2.0,37,10335,10.0,4.0,5.0,7.0,2
619,1.0,49,23684,11.0,6.0,7.0,6.0,2
620,1.0,40,27019,2.0,2.0,3.0,1.0,2
621,1.0,95,11793,2.0,6.0,5.0,4.0,2
622,2.0,11,7658,10.0,1.0,3.0,7.0,2
623,2.0,56,6029,10.0,3.0,4.0,6.0,2
624,2.0,63,19010,9.0,3.0,4.0,6.0,2
625,1.0,14,14523,3.0,5.0,4.0,3.0,2
626,1.0,32,15632,9.0,3.0,5.0,2.0,2
627,2.0,65,5868,10.0,4.0,7.0,5.0,1
628,1.0,65,1152,9.0,4.0,5.0,1.0,0
629,2.0,36,26364,11.0,0.0,3.0,3.0,2
630,2.0,25,20140,2.0,0.0,5.0,2.0,2
631,2.0,76,3750,6.0,2.0,4.0,6.0,1
632,1.0,72,2912,4.0,6.0,3.0,3.0,1
633,1.0,50,9415,3.0,0.0,3.0,3.0,2
634,2.0,12,6590,5.0,4.0,5.0,6.0,2
635,1.0,24,12108,12.0,5.0,5.0,1.0,2
636,2.0,19,16039,2.0,6.0,3.0,5.0,2
637,1.0,67,3760,9.0,6.0,3.0,1.0,1
638,2.0,10,16417,5.0,0.0,3.0,7.0,2
639,2.0,7,12795,10.0,6.0,4.0,1.0,2
640,1.0,52,20522,2.0,2.0,4.0,6.0,2
641,2.0,92,2339,9.0,3.0,3.0,6.0,1
642,2.0,14,10502,12.0,4.0,7.0,4.0,2
643,2.0,72,18129,8.0,3.0,5.0,7.0,2
644,2.0,46,9049,9.0,1.0,7.0,6.0,2
645,2.0,99,5023,9.0,6.0,4.0,5.0,1
646,1.0,35,27262,9.0,1.0,3.0,7.0,2
647,1.0,81,9316,2.0,3.0,5.0,1.0,2
648,1.0,23,9456,8.0,0.0,3.0,4.0,2
649,1.0,61,17748,0.0,4.0,7.0,2.0,2
650,1.0,53,9123,3.0,6.0,5.0,7.0,2
651,1.0,12,16970,5.0,1.0,3.0,4.0,2
652,1.0,45,12723,0.0,2.0,5.0,6.0,2
653,1.0,7,18593,9.0,0.0,4.0,6.0,2
654,2.0,47,26271,0.0,1.0,5.0,7.0,2
655,2.0,39,22408,9.0,6.0,3.0,5.0,2
656,2.0,94,19155,8.0,5.0,7.0,3.0,2
657,2.0,19,24455,12.0,6.0,3.0,7.0,2
658,1.0,50,9937,4.0,2.0,4.0,1.0,2
659,1.0,65,3067,8.0,2.0,3.0,3.0,1
660,1.0,43,402,2.0,0.0,5.0,6.0,0
661,1.0,82,26689,3.0,1.0,7.0,5.0,2
662,2.0,78,2287,12.0,3.0,5.0,1.0,1
663,1.0,89,17911,4.0,0.0,5.0,2.0,2
664,2.0,56,773,8.0,3.0,7.0,7.0,0
665,2.0,72,2964,11.0,0.0,7.0,3.0,1
666,1.0,50,23369,4.0,1.0,4.0,1.0,2
667,1.0,34,5291,9.0,3.0,4.0,7.0,1
668,1.0,90,19276,11.0,0.0,5.0,7.0,2
669,2.0,11,7459,4.0,3.0,3.0,5.0,2
670,1.0,11,2415,6.0,5.0,4.0,3.0,1
671,1.0,36,1521,6.0,1.0,3.0,6.0,0
672,1.0,49,10419,10.0,4.0,5.0,6.0,2
673,2.0,76,13233,0.0,5.0,3.0,6.0,2
674,1.0,81,19625,12.0,1.0,4.0,4.0,2
675,1.0,95,9908,8.0,3.0,5.0,4.0,2
676,1.0,74,12833,3.0,3.0,3.0,2.0,2
677,1.0,48,22007,6.0,4.0,4.0,5.0,2
678,1.0,74,24002,4.0,3.0,4.0,3.0,2
679,2.0,11,3525,0.0,4.0,5.0,3.0,1
680,2.0,93,21742,11.0,0.0,3.0,2.0,2
681,1.0,34,20743,0.0,3.0,7.0,4.0,2
682,2.0,74,5368,2.0,6.0,4.0,2.0,1
683,2.0,76,5258,12.0,6.0,5.0,4.0,1
684,2.0,39,22057,1.0,3.0,5.0,4.0,2
685,1.0,10,8253,12.0,4.0,5.0,5.0,2
686,2.0,2,26320,12.0,4.0,7.0,1.0,2
687,1.0,75,12960,1.0,5.0,7.0,1.0,2
688,2.0,46,15731,7.0,0.0,4.0,7.0,2
689,1.0,51,3802,12.0,0.0,5.0,7.0,1
690,2.0,41,15764,12.0,6.0,3.0,1.0,2
691,1.0,91,20294,8.0,2.0,7.0,7.0,2
692,1.0,3,24181,9.0,0.0,7.0,2.0,2
693,2.0,16,20750,1.0,2.0,7.0,3.0,2
694,1.0,63,4069,9.0,5.0,7.0,1.0,1
695,2.0,64,8583,7.0,4.0,3.0,7.0,2
696,2.0,13,1355,10.0,0.0,5.0,5.0,0
697,2.0,38,22758,8.0,3.0,4.0,4.0,2
698,1.0,4,19632,9.0,6.0,3.0,3.0,2
699,2.0,3,9584,1.0,1.0,7.0,1.0,2
700,1.0,19,9864,7.0,3.0,4.0,7.0,2
701,2.0,81,12323,3.0,4.0,7.0,4.0,2
702,1.0,16,10615,12.0,2.0,3.0,3.0,2
703,1.0,71,15177,11.0,0.0,7.0,6.0,2
704,2.0,24,15893,5.0,6.0,4.0,5.0,2
705,1.0,11,2031,3.0,2.0,4.0,5.0,0
706,1.0,22,12451,4.0,4.0,5.0,5.0,2
707,2.0,60,12183,2.0,2.0,5.0,5.0,2
708,1.0,91,23905,9.0,2.0,3.0,5.0,2
709,1.0,2,11169,6.0,4.0,5.0,7.0,2
710,1.0,8,23270,5.0,1.0,5.0,7.0,2
711,1.0,72,2243,5.0,0.0,4.0,6.0,1
712,1.0,89,12337,7.0,4.0,4.0,3.0,2
713,2.0,38,8145,3.0,0.0,3.0,7.0,2
714,2.0,52,21963,3.0,2.0,7.0,2.0,2
715,1.0,97,22106,3.0,4.0,3.0,5.0,2
716,1.0,88,26210,10.0,4.0,4.0,1.0,2
717,1.0,63,21567,4.0,0.0,7.0,4.0,2
718,1.0,21,16184,2.0,1.0,5.0,4.0,2
719,2.0,4,17446,12.0,5.0,7.0,2.0,2
720,1.0,31,21243,1.0,4.0,5.0,3.0,2
721,2.0,75,13999,7.0,4.0,7.0,6.0,2
722,2.0,37,22440,1.0,3.0,3.0,6.0,2
723,1.0,7,11913,7.0,6.0,5.0,7.0,2
724,2.0,22,10199,0.0,6.0,4.0,6.0,2
725,1.0,42,18998,0.0,6.0,5.0,1.0,2
726,2.0,59,12203,12.0,2.0,5.0,6.0,2
727,1.0,95,1909,5.0,0.0,7.0,2.0,0
728,1.0,54,6567,1.0,6.0,3.0,5.0,2
729,2.0,73,26232,2.0,6.0,3.0,1.0,2
730,1.0,51,9866,11.0,3.0,4.0,1.0,2
731,1.0,82,13912,1.0,1.0,7.0,4.0,2
732,2.0,23,3060,9.0,6.0,4.0,7.0,1
733,1.0,83,19249,11.0,0.0,4.0,6.0,2
734,2.0,25,1998,6.0,3.0,5.0,6.0,0
735,2.0,57,23577,0.0,3.0,5.0,4.0,2
736,2.0,69,21904,9.0,4.0,3.0,3.0,2
737,2.0,89,11050,12.0,6.0,5.0,2.0,2
738,1.0,45,15862,5.0,0.0,7.0,7.0,2
739,2.0,88,11188,2.0,2.0,7.0,1.0,2
740,2.0,51,25620,9.0,3.0,4.0,6.0,2
741,1.0,59,9284,0.0,3.0,7.0,7.0,2
742,2.0,44,24706,9.0,3.0,3.0,2.0,2
743,2.0,26,17596,9.0,3.0,3.0,1.0,2
744,2.0,43,17417,6.0,0.0,5.0,1.0,2
745,1.0,32,15596,0.0,5.0,7.0,2.0,2
746,2.0,30,13442,8.0,0.0,7.0,1.0,2
747,1.0,14,4300,7.0,3.0,3.0,7.0,1
748,2.0,71,10620,3.0,1.0,4.0,3.0,2
749,2.0,96,5506,7.0,1.0,5.0,2.0,1
750,2.0,61,3491,1.0,0.0,7.0,6.0,1
751,2.0,1,3105,2.0,2.0,7.0,1.0,1
752,1.0,47,11634,11.0,0.0,4.0,7.0,2
753,1.0,43,25118,2.0,6.0,4.0,6.0,2
754,1.0,90,8808,1.0,6.0,4.0,1.0,2
755,2.0,15,14452,4.0,2.0,5.0,2.0,2
756,2.0,68,24081,5.0,0.0,4.0,1.0,2
757,1.0,74,3021,10.0,6.0,7.0,1.0,1
758,1.0,85,10906,8.0,3.0,7.0,6.0,2
759,2.0,39,11405,3.0,6.0,5.0,5.0,2
760,1.0,94,17425,2.0,6.0,4.0,3.0,2
761,1.0,86,20767,7.0,1.0,5.0,7.0,2
762,2.0,0,26373,7.0,2.0,5.0,1.0,2
763,1.0,81,3523,12.0,6.0,3.0,7.0,1
764,1.0,58,769,4.0,4.0,5.0,6.0,0
765,2.0,12,19244,1.0,3.0,5.0,7.0,2
766,1.0,91,23354,11.0,3.0,4.0,5.0,2
767,2.0,43,11541,1.0,3.0,5.0,2.0,2
768,1.0,54,20523,11.0,4.0,3.0,5.0,2
769,1.0,47,27029,4.0,5.0,5.0,4.0,2
770,2.0,22,777,10.0,2.0,5.0,2.0,0
771,2.0,31,7637,11.0,5.0,7.0,7.0,2
772,2.0,34,3239,5.0,1.0,3.0,2.0,1
773,2.0,98,2430,6.0,5.0,4.0,7.0,1
774,1.0,42,18522,9.0,4.0,3.0,2.0,2
775,1.0,68,14175,7.0,1.0,5.0,1.0,2
776,2.0,62,26549,12.0,3.0,7.0,3.0,2
777,2.0,36,12355,3.0,6.0,4.0,1.0,2
778,1.0,83,568,6.0,2.0,5.0,6.0,0
779,1.0,44,26328,0.0,3.0,3.0,3.0,2
780,2.0,81,20429,6.0,0.0,4.0,5.0,2
781,2.0,70,9252,2.0,6.0,4.0,1.0,2
782,2.0,6,1109,2.0,0.0,4.0,7.0,0
783,1.0,48,13391,3.0,6.0,5.0,1.0,2
784,2.0,9,9411,8.0,0.0,5.0,7.0,2
785,1.0,28,19902,3.0,3.0,4.0,3.0,2
786,2.0,77,13357,3.0,2.0,7.0,1.0,2
787,2.0,56,25782,5.0,2.0,4.0,3.0,2
788,1.0,9,759,10.0,4.0,5.0,1.0,0
789,2.0,85,10875,11.0,3.0,5.0,4.0,2
790,2.0,66,15501,8.0,4.0,5.0,1.0,2
791,2.0,9,1343,8.0,5.0,5.0,4.0,0
792,1.0,36,4483,10.0,0.0,4.0,2.0,1
793,1.0,28,16997,4.0,5.0,7.0,1.0,2
794,2.0,64,427,12.0,3.0,3.0,4.0,0
795,2.0,74,12465,4.0,4.0,4.0,3.0,2
796,2.0,13,25789,5.0,2.0,3.0,6.0,2
797,1.0,2,9340,6.0,3.0,5.0,1.0,2
798,2.0,37,20517,10.0,2.0,3.0,3.0,2
799,2.0,71,12853,2.0,4.0,3.0,1.0,2
800,1.0,87,12200,4.0,4.0,4.0,5.0,2
801,2.0,94,2556,12.0,3.0,7.0,7.0,1
802,1.0,81,3477,4.0,2.0,7.0,6.0,1
803,2.0,3,11913,9.0,4.0,4.0,7.0,2
804,2.0,98,22452,2.0,2.0,7.0,6.0,2
805,1.0,80,10112,9.0,4.0,4.0,6.0,2
806,1.0,82,22403,11.0,1.0,4.0,5.0,2
807,2.0,50,2163,8.0,1.0,7.0,1.0,0
808,2.0,61,764,12.0,0.0,5.0,2.0,0
809,1.0,82,26036,6.0,0.0,4.0,5.0,2
810,1.0,28,19805,3.0,2.0,7.0,5.0,2
811,1.0,35,27209,6.0,6.0,3.0,7.0,2
812,2.0,53,11443,11.0,4.0,3.0,5.0,2
813,2.0,26,7210,3.0,2.0,4.0,6.0,2
814,2.0,42,16214,12.0,2.0,7.0,7.0,2
815,2.0,46,677,9.0,6.0,7.0,6.0,0
816,2.0,69,14302,0.0,5.0,4.0,4.0,2
817,1.0,28,23017,9.0,2.0,3.0,1.0,2
818,2.0,43,9367,8.0,4.0,4.0,1.0,2
819,2.0,83,26275,2.0,5.0,4.0,7.0,2
820,2.0,62,3842,5.0,2.0,3.0,6.0,1
821,2.0,74,8967,5.0,1.0,3.0,6.0,2
822,2.0,74,12360,12.0,5.0,5.0,2.0,2
823,1.0,9,15872,4.0,5.0,5.0,7.0,2
824,1.0,91,1183,3.0,3.0,3.0,4.0,0
825,1.0,99,10767,3.0,4.0,3.0,2.0,2
826,1.0,75,16099,7.0,4.0,4.0,7.0,2
827,1.0,96,24651,0.0,6.0,3.0,5.0,2
828,2.0,38,4432,10.0,0.0,7.0,5.0,1
829,2.0,31,9207,10.0,5.0,4.0,5.0,2
830,1.0,22,12401,6.0,0.0,7.0,3.0,2
831,1.0,91,20031,2.0,2.0,3.0,2.0,2
832,1.0,57,10211,3.0,2.0,7.0,4.0,2
833,1.0,21,20458,7.0,1.0,3.0,7.0,2
834,1.0,97,15781,8.0,1.0,4.0,3.0,2
835,1.0,61,20470,6.0,2.0,4.0,4.0,2
836,1.0,41,27124,9.0,5.0,3.0,1.0,2
837,1.0,99,6031,7.0,3.0,4.0,6.0,2
838,2.0,41,5847,10.0,2.0,4.0,7.0,1
839,2.0,23,26711,4.0,5.0,5.0,5.0,2
840,2.0,52,25060,1.0,5.0,3.0,4.0,2
841,1.0,23,26691,9.0,1.0,4.0,6.0,2
842,1.0,72,4010,12.0,5.0,4.0,4.0,1
843,1.0,41,17207,8.0,6.0,7.0,6.0,2
844,1.0,60,26222,7.0,1.0,3.0,4.0,2
845,2.0,47,3322,5.0,2.0,5.0,5.0,1
846,2.0,15,26272,9.0,1.0,3.0,2.0,2
847,1.0,36,14191,8.0,3.0,7.0,3.0,2
848,2.0,65,7142,12.0,5.0,7.0,2.0,2
849,1.0,94,16277,3.0,1.0,7.0,6.0,2
850,1.0,42,25344,9.0,5.0,4.0,7.0,2
851,1.0,0,1571,7.0,4.0,5.0,7.0,0
852,1.0,83,12430,1.0,3.0,7.0,4.0,2
853,1.0,6,1369,11.0,0.0,7.0,3.0,0
854,2.0,93,27015,12.0,1.0,5.0,6.0,2
855,2.0,67,6178,3.0,6.0,7.0,3.0,2
856,2.0,31,6161,6.0,3.0,4.0,4.0,2
857,2.0,29,23019,11.0,5.0,7.0,6.0,2
858,1.0,16,3395,6.0,3.0,4.0,7.0,1
859,2.0,67,19172,3.0,4.0,3.0,7.0,2
860,2.0,26,13633,8.0,3.0,3.0,2.0,2
861,2.0,6,15345,6.0,1.0,3.0,6.0,2
862,2.0,11,16837,1.0,4.0,5.0,6.0,2
863,1.0,81,19243,10.0,5.0,4.0,6.0,2
864,1.0,55,7667,6.0,4.0,3.0,7.0,2
865,1.0,43,10067,1.0,0.0,5.0,6.0,2
866,1.0,67,2366,4.0,6.0,5.0,2.0,1
867,1.0,20,26421,6.0,3.0,4.0,6.0,2
868,2.0,91,20588,6.0,5.0,7.0,3.0,2
869,1.0,92,2002,12.0,1.0,3.0,4.0,0
870,2.0,14,7572,9.0,6.0,3.0,3.0,2
871,2.0,14,21341,3.0,3.0,7.0,4.0,2
872,1.0,80,6308,1.0,2.0,7.0,2.0,2
873,1.0,99,19372,9.0,1.0,7.0,2.0,2
874,1.0,63,19824,2.0,6.0,7.0,2.0,2
875,1.0,43,12717,0.0,3.0,3.0,4.0,2
876,1.0,27,1522,3.0,1.0,4.0,1.0,0
877,2.0,87,10798,5.0,5.0,5.0,4.0,2
878,2.0,20,23003,12.0,2.0,7.0,7.0,2
879,1.0,23,1062,8.0,3.0,3.0,7.0,0
880,2.0,34,16808,12.0,1.0,3.0,2.0,2
881,2.0,32,7350,2.0,6.0,3.0,2.0,2
882,1.0,65,6487,9.0,5.0,5.0,6.0,2
883,1.0,22,16306,9.0,6.0,7.0,3.0,2
884,1.0,21,7992,9.0,0.0,7.0,3.0,2
885,2.0,57,14371,4.0,5.0,7.0,6.0,2
886,2.0,68,21893,4.0,2.0,4.0,3.0,2
887,1.0,45,19961,7.0,2.0,5.0,6.0,2
888,1.0,39,8493,2.0,2.0,3.0,5.0,2
889,2.0,24,1228,4.0,1.0,4.0,3.0,0
890,2.0,86,6011,0.0,3.0,5.0,7.0,2
891,2.0,17,25431,9.0,1.0,7.0,5.0,2
892,1.0,52,7504,12.0,6.0,7.0,6.0,2
893,1.0,90,9210,2.0,4.0,3.0,7.0,2
894,2.0,8,23679,10.0,1.0,7.0,3.0,2
895,1.0,5,26950,4.0,5.0,3.0,4.0,2
896,2.0,97,17105,2.0,2.0,4.0,6.0,2
897,1.0,86,13386,6.0,0.0,5.0,3.0,2
898,2.0,82,622,2.0,6.0,5.0,3.0,0
899,1.0,10,20576,8.0,1.0,5.0,2.0,2
900,1.0,62,18668,7.0,2.0,4.0,6.0,2
901,1.0,29,15275,11.0,2.0,5.0,6.0,2
902,1.0,11,18261,9.0,2.0,3.0,6.0,2
903,2.0,30,5510,11.0,6.0,5.0,3.0,1
904,2.0,71,5396,6.0,5.0,3.0,5.0,1
905,2.0,58,19247,3.0,2.0,4.0,1.0,2
906,1.0,94,10725,7.0,2.0,4.0,4.0,2
907,1.0,42,15427,5.0,5.0,5.0,3.0,2
908,1.0,85,20124,7.0,5.0,5.0,6.0,2
909,1.0,71,20088,8.0,0.0,4.0,5.0,2
910,2.0,25,19473,10.0,3.0,4.0,4.0,2
911,2.0,54,23137,4.0,2.0,4.0,5.0,2
912,2.0,83,5675,6.0,1.0,4.0,6.0,1
913,2.0,25,23222,0.0,3.0,4.0,4.0,2
914,2.0,45,460,3.0,5.0,3.0,5.0,0
915,2.0,3,12976,10.0,2.0,4.0,5.0,2
916,1.0,84,8653,9.0,4.0,3.0,2.0,2
917,1.0,83,7577,1.0,2.0,3.0,1.0,2
918,2.0,37,15336,12.0,0.0,7.0,5.0,2
919,1.0,33,26037,9.0,1.0,5.0,1.0,2
920,2.0,60,6680,11.0,1.0,5.0,1.0,2
921,2.0,89,26215,3.0,6.0,5.0,2.0,2
922,1.0,7,9631,9.0,0.0,4.0,1.0,2
923,2.0,60,8451,3.0,3.0,7.0,2.0,2
924,1.0,37,10821,8.0,4.0,5.0,4.0,2
925,2.0,84,19976,0.0,3.0,7.0,6.0,2
926,2.0,98,19576,10.0,0.0,7.0,4.0,2
927,2.0,16,22311,1.0,2.0,4.0,5.0,2
928,2.0,45,21926,2.0,2.0,5.0,2.0,2
929,1.0,39,8230,5.0,0.0,3.0,5.0,2
930,2.0,33,24319,10.0,0.0,3.0,6.0,2
931,2.0,97,22092,0.0,3.0,7.0,7.0,2
932,1.0,65,17831,12.0,5.0,4.0,6.0,2
933,1.0,73,23417,2.0,1.0,3.0,4.0,2
934,2.0,87,14212,0.0,2.0,3.0,5.0,2
935,2.0,68,9288,6.0,3.0,5.0,3.0,2
936,1.0,24,22537,10.0,4.0,4.0,5.0,2
937,2.0,6,17318,8.0,1.0,7.0,2.0,2
938,1.0,97,17060,7.0,1.0,3.0,7.0,2
939,2.0,60,11539,2.0,3.0,5.0,7.0,2
940,1.0,88,25826,11.0,3.0,5.0,6.0,2
941,2.0,61,24759,5.0,0.0,5.0,3.0,2
942,1.0,59,2394,3.0,4.0,5.0,1.0,1
943,1.0,74,15239,2.0,4.0,5.0,4.0,2
944,1.0,29,24127,4.0,1.0,4.0,6.0,2
945,2.0,28,12316,4.0,6.0,5.0,5.0,2
946,1.0,24,14813,5.0,1.0,4.0,3.0,2
947,2.0,3,6159,10.0,2.0,5.0,5.0,2
948,1.0,82,6484,11.0,6.0,7.0,2.0,2
949,1.0,21,15732,9.0,4.0,4.0,2.0,2
950,2.0,6,2180,10.0,0.0,7.0,3.0,0
951,2.0,84,6872,12.0,5.0,3.0,3.0,2
952,2.0,21,16956,10.0,3.0,4.0,3.0,2
953,1.0,27,27164,3.0,3.0,5.0,4.0,2
954,1.0,26,1094,1.0,3.0,5.0,1.0,0
955,2.0,89,26392,11.0,0.0,4.0,3.0,2
956,2.0,64,26439,6.0,6.0,3.0,6.0,2
957,2.0,3,21624,12.0,6.0,5.0,7.0,2
958,2.0,53,2479,2.0,1.0,4.0,3.0,1
959,2.0,37,4964,9.0,4.0,4.0,1.0,1
960,2.0,7,23667,5.0,5.0,5.0,4.0,2
961,1.0,80,10873,5.0,0.0,5.0,5.0,2
962,2.0,75,9561,1.0,0.0,3.0,3.0,2
963,2.0,11,17690,8.0,0.0,5.0,7.0,2
964,2.0,2,12577,0.0,6.0,4.0,4.0,2
965,2.0,54,11258,6.0,1.0,7.0,4.0,2
966,1.0,5,9256,12.0,1.0,4.0,5.0,2
967,2.0,17,9607,3.0,4.0,4.0,3.0,2
968,2.0,78,26614,12.0,0.0,3.0,1.0,2
969,2.0,5,19736,3.0,1.0,5.0,6.0,2
970,1.0,78,21035,2.0,5.0,5.0,3.0,2
971,1.0,81,10364,2.0,4.0,3.0,4.0,2
972,2.0,30,22990,4.0,2.0,5.0,2.0,2
973,1.0,98,25020,0.0,3.0,7.0,3.0,2
974,2.0,3,16401,11.0,5.0,7.0,6.0,2
975,2.0,0,12867,5.0,0.0,4.0,2.0,2
976,2.0,93,13437,5.0,3.0,4.0,6.0,2
977,1.0,44,9728,12.0,5.0,4.0,4.0,2
978,2.0,44,2631,12.0,3.0,3.0,7.0,1
979,2.0,61,8436,9.0,1.0,7.0,1.0,2
980,2.0,0,4315,3.0,6.0,7.0,4.0,1
981,1.0,17,1956,0.0,6.0,4.0,1.0,0
982,1.0,29,23936,8.0,5.0,3.0,6.0,2
983,1.0,91,26471,2.0,3.0,4.0,6.0,2
984,2.0,34,3617,2.0,5.0,5.0,2.0,1
985,2.0,100,19101,10.0,0.0,7.0,3.0,2
986,1.0,59,21964,1.0,1.0,4.0,1.0,2
987,2.0,21,2627,11.0,6.0,3.0,1.0,1
988,1.0,63,786,10.0,3.0,4.0,5.0,0
989,1.0,94,21500,0.0,3.0,7.0,6.0,2
990,2.0,17,848,3.0,0.0,5.0,7.0,0
991,2.0,38,19023,7.0,1.0,5.0,1.0,2
992,2.0,79,6707,7.0,6.0,7.0,4.0,2
993,2.0,1,15783,4.0,2.0,4.0,6.0,2
994,2.0,15,5436,6.0,3.0,7.0,3.0,1
995,2.0,86,17589,11.0,0.0,3.0,3.0,2
996,2.0,17,10337,12.0,6.0,3.0,5.0,2
997,2.0,53,26659,3.0,2.0,4.0,4.0,2
998,1.0,22,8654,2.0,4.0,7.0,2.0,2
999,2.0,77,10215,12.0,0.0,3.0,6.0,2
1000,1.0,47,21375,3.0,5.0,5.0,5.0,2
1001,2.0,66,10887,10.0,1.0,4.0,7.0,2
1002,1.0,11,22093,10.0,3.0,3.0,6.0,2
1003,2.0,9,6687,6.0,4.0,4.0,5.0,2
1004,2.0,40,13545,3.0,2.0,5.0,1.0,2
1005,2.0,54,23594,10.0,3.0,5.0,1.0,2
1006,1.0,51,14725,11.0,4.0,5.0,1.0,2
1007,2.0,47,758,0.0,0.0,4.0,7.0,0
1008,1.0,4,19404,2.0,4.0,5.0,3.0,2
1009,1.0,10,8731,9.0,6.0,3.0,4.0,2
1010,2.0,6,14480,7.0,1.0,5.0,4.0,2
1011,2.0,44,8945,3.0,3.0,3.0,7.0,2
1012,2.0,72,2591,11.0,5.0,4.0,6.0,1
1013,1.0,8,15556,10.0,1.0,5.0,4.0,2
1014,2.0,72,20843,4.0,5.0,7.0,4.0,2
1015,1.0,18,11179,5.0,3.0,3.0,2.0,2
1016,1.0,2,21026,6.0,3.0,3.0,7.0,2
1017,1.0,69,23656,1.0,5.0,7.0,7.0,2
1018,2.0,93,7492,5.0,3.0,3.0,1.0,2
1019,1.0,100,5415,0.0,4.0,7.0,2.0,1
1020,2.0,29,6761,5.0,4.0,3.0,3.0,2
1021,2.0,27,1771,4.0,3.0,5.0,7.0,0
1022,2.0,17,15498,1.0,6.0,4.0,7.0,2
1023,2.0,58,24865,1.0,3.0,5.0,5.0,2
1024,2.0,11,18916,7.0,0.0,3.0,2.0,2
1025,1.0,49,2641,4.0,3.0,7.0,6.0,1
1026,2.0,72,13894,3.0,5.0,5.0,5.0,2
1027,2.0,88,1452,12.0,2.0,5.0,7.0,0
1028,2.0,3,26737,12.0,2.0,4.0,3.0,2
1029,1.0,11,17352,8.0,4.0,7.0,6.0,2
1030,1.0,57,26600,12.0,6.0,7.0,5.0,2
1031,2.0,50,460,5.0,4.0,7.0,5.0,0
1032,1.0,15,9387,5.0,6.0,3.0,2.0,2
1033,2.0,57,6836,1.0,2.0,5.0,6.0,2
1034,1.0,3,16120,6.0,1.0,7.0,1.0,2
1035,2.0,100,9577,10.0,1.0,5.0,2.0,2
1036,1.0,60,1677,10.0,6.0,7.0,7.0,0
1037,1.0,39,25953,0.0,2.0,4.0,6.0,2
1038,2.0,85,7774,7.0,3.0,7.0,2.0,2
1039,1.0,29,21857,4.0,0.0,7.0,5.0,2
1040,2.0,53,8201,12.0,2.0,4.0,4.0,2
1041,1.0,67,17381,7.0,4.0,5.0,6.0,2
1042,2.0,56,20975,8.0,5.0,7.0,3.0,2
1043,2.0,75,23959,0.0,1.0,7.0,5.0,2
1044,1.0,79,16048,2.0,0.0,4.0,1.0,2
1045,2.0,45,4617,3.0,5.0,3.0,5.0,1
1046,2.0,90,23843,6.0,3.0,3.0,4.0,2
1047,2.0,79,5607,11.0,6.0,4.0,4.0,1
1048,1.0,97,6230,8.0,5.0,5.0,4.0,2
1049,2.0,11,13442,11.0,3.0,4.0,4.0,2
1050,1.0,5,22461,5.0,3.0,7.0,7.0,2
1051,2.0,30,24921,6.0,5.0,7.0,1.0,2
1052,2.0,58,6720,12.0,4.0,5.0,6.0,2
1053,2.0,68,16837,7.0,1.0,4.0,3.0,2
1054,1.0,59,15783,4.0,1.0,5.0,3.0,2
1055,2.0,32,11279,12.0,3.0,4.0,5.0,2
1056,2.0,37,13604,1.0,1.0,7.0,7.0,2
1057,1.0,43,7382,12.0,0.0,7.0,5.0,2
1058,1.0,60,8714,9.0,3.0,5.0,3.0,2
1059,1.0,45,15997,8.0,4.0,4.0,6.0,2
1060,2.0,29,15030,9.0,6.0,7.0,7.0,2
1061,1.0,27,11490,0.0,6.0,7.0,7.0,2
1062,2.0,27,11309,10.0,6.0,4.0,3.0,2
1063,1.0,29,14811,8.0,2.0,5.0,5.0,2
1064,1.0,72,10506,8.0,4.0,5.0,6.0,2
1065,1.0,75,8892,2.0,0.0,5.0,7.0,2
1066,1.0,97,24183,5.0,6.0,3.0,5.0,2
1067,1.0,78,26392,9.0,6.0,5.0,7.0,2
1068,2.0,38,10433,12.0,5.0,5.0,1.0,2
1069,2.0,11,21095,7.0,4.0,7.0,5.0,2
1070,1.0,74,23509,6.0,6.0,4.0,4.0,2
1071,2.0,89,24485,7.0,5.0,5.0,5.0,2
1072,1.0,32,19782,3.0,6.0,3.0,3.0,2
1073,2.0,50,4909,10.0,3.0,7.0,6.0,1
1074,2.0,40,7962,1.0,2.0,5.0,2.0,2
1075,1.0,70,5781,10.0,6.0,5.0,7.0,1
1076,1.0,30,16338,4.0,2.0,3.0,5.0,2
1077,2.0,22,11526,12.0,5.0,3.0,3.0,2
1078,2.0,75,18580,1.0,3.0,7.0,2.0,2
1079,2.0,35,24918,10.0,4.0,3.0,6.0,2
1080,1.0,84,20800,4.0,4.0,5.0,1.0,2
1081,1.0,68,23315,9.0,4.0,4.0,5.0,2
1082,2.0,63,16699,10.0,6.0,3.0,5.0,2
1083,2.0,4,22275,12.0,5.0,5.0,2.0,2
1084,2.0,49,21181,1.0,4.0,7.0,7.0,2
1085,2.0,29,26870,6.0,5.0,4.0,4.0,2
1086,2.0,63,17074,7.0,0.0,7.0,7.0,2
1087,2.0,61,5139,5.0,4.0,5.0,4.0,1
1088,1.0,91,4844,2.0,2.0,4.0,2.0,1
1089,1.0,83,1877,6.0,1.0,7.0,6.0,0
1090,1.0,90,18435,3.0,3.0,5.0,7.0,2
1091,1.0,26,22001,10.0,2.0,7.0,3.0,2
1092,1.0,73,6963,2.0,6.0,3.0,2.0,2
1093,1.0,50,26439,5.0,3.0,5.0,3.0,2
1094,1.0,95,16639,5.0,0.0,4.0,1.0,2
1095,1.0,94,6544,12.0,3.0,5.0,3.0,2
1096,2.0,17,6523,6.0,1.0,4.0,2.0,2
1097,2.0,71,7663,8.0,5.0,3.0,2.0,2
1098,2.0,56,11351,1.0,3.0,7.0,3.0,2
1099,2.0,35,25212,10.0,1.0,4.0,4.0,2
1100,2.0,73,12182,7.0,5.0,7.0,5.0,2
1101,2.0,92,20975,3.0,2.0,5.0,6.0,2
1102,2.0,47,16008,4.0,2.0,5.0,1.0,2
1103,1.0,48,23763,5.0,1.0,4.0,3.0,2
1104,2.0,71,12023,7.0,5.0,3.0,6.0,2
1105,1.0,67,15730,0.0,1.0,5.0,2.0,2
1106,2.0,71,22065,6.0,3.0,7.0,7.0,2
1107,1.0,62,12948,5.0,3.0,5.0,4.0,2
1108,2.0,72,3070,12.0,1.0,5.0,4.0,1
1109,1.0,37,3014,10.0,3.0,3.0,4.0,1
1110,1.0,5,25082,7.0,1.0,7.0,5.0,2
1111,2.0,97,21042,1.0,1.0,4.0,2.0,2
1112,1.0,55,11295,1.0,6.0,5.0,5.0,2
1113,1.0,92,14662,9.0,4.0,5.0,4.0,2
1114,2.0,46,6515,12.0,3.0,5.0,5.0,2
1115,1.0,38,15617,4.0,1.0,3.0,6.0,2
1116,2.0,49,21277,4.0,2.0,5.0,6.0,2
1117,2.0,8,16691,8.0,4.0,5.0,6.0,2
1118,2.0,65,14772,5.0,1.0,4.0,6.0,2
1119,1.0,66,26304,7.0,0.0,4.0,1.0,2
1120,1.0,62,16848,11.0,2.0,7.0,2.0,2
1121,2.0,16,9860,11.0,3.0,4.0,7.0,2
1122,2.0,61,17277,0.0,0.0,7.0,7.0,2
1123,1.0,66,21482,2.0,0.0,4.0,4.0,2
1124,2.0,11,2939,7.0,0.0,7.0,1.0,1
1125,2.0,31,20497,1.0,1.0,7.0,3.0,2
1126,1.0,10,25334,10.0,2.0,5.0,1.0,2
1127,2.0,20,11032,12.0,5.0,3.0,1.0,2
1128,1.0,100,9321,11.0,5.0,7.0,5.0,2
1129,1.0,14,25506,10.0,6.0,3.0,5.0,2
1130,2.0,52,18710,8.0,0.0,5.0,2.0,2
1131,2.0,71,7300,6.0,3.0,7.0,1.0,2
1132,1.0,29,4434,0.0,3.0,7.0,2.0,1
1133,1.0,5,21264,6.0,4.0,3.0,2.0,2
1134,1.0,14,6884,5.0,1.0,5.0,2.0,2
1135,2.0,79,20096,9.0,3.0,3.0,4.0,2
1136,2.0,51,6581,4.0,3.0,3.0,5.0,2
1137,1.0,32,17687,2.0,4.0,4.0,6.0,2
1138,2.0,23,24131,11.0,0.0,4.0,5.0,2
1139,2.0,91,24521,5.0,5.0,4.0,1.0,2
1140,1.0,6,22011,1.0,3.0,5.0,4.0,2
1141,1.0,73,25107,11.0,4.0,5.0,5.0,2
1142,2.0,65,9307,3.0,5.0,4.0,4.0,2
1143,2.0,75,8812,5.0,3.0,5.0,5.0,2
1144,2.0,87,14701,0.0,0.0,5.0,6.0,2
1145,2.0,70,23830,6.0,2.0,4.0,3.0,2
1146,1.0,40,19574,1.0,5.0,4.0,7.0,2
1147,1.0,60,5218,10.0,0.0,4.0,1.0,1
1148,1.0,36,7748,5.0,3.0,3.0,7.0,2
1149,1.0,12,14807,10.0,0.0,4.0,6.0,2
1150,2.0,35,493,1.0,2.0,4.0,5.0,0
1151,2.0,62,10221,9.0,6.0,3.0,4.0,2
1152,1.0,69,4477,6.0,0.0,4.0,1.0,1
1153,2.0,62,5208,9.0,1.0,5.0,1.0,1
1154,2.0,58,3384,8.0,4.0,5.0,5.0,1
1155,1.0,76,20175,5.0,3.0,7.0,6.0,2
1156,2.0,18,11423,5.0,0.0,3.0,4.0,2
1157,2.0,0,7150,0.0,1.0,5.0,2.0,2
1158,2.0,1,22616,1.0,0.0,7.0,3.0,2
1159,1.0,84,3153,9.0,0.0,4.0,4.0,1
1160,2.0,77,20120,8.0,6.0,7.0,7.0,2
1161,1.0,90,26081,2.0,0.0,3.0,5.0,2
1162,1.0,21,22847,8.0,0.0,4.0,3.0,2
1163,2.0,78,13434,4.0,2.0,3.0,1.0,2
1164,1.0,13,2090,2.0,0.0,7.0,3.0,0
1165,1.0,67,20460,9.0,5.0,5.0,4.0,2
1166,2.0,17,8938,12.0,6.0,4.0,7.0,2
1167,2.0,5,9020,7.0,1.0,4.0,7.0,2
1168,2.0,26,16944,3.0,4.0,5.0,7.0,2
1169,2.0,63,16210,3.0,1.0,7.0,3.0,2
1170,2.0,27,1051,11.0,5.0,3.0,4.0,0
1171,1.0,41,11353,3.0,1.0,5.0,3.0,2
1172,1.0,13,10279,3.0,6.0,5.0,7.0,2
1173,1.0,45,15428,1.0,1.0,4.0,7.0,2
1174,2.0,48,4229,0.0,1.0,4.0,4.0,1
1175,1.0,56,2576,12.0,1.0,7.0,7.0,1
1176,1.0,58,26878,1.0,0.0,5.0,3.0,2
1177,2.0,17,23688,2.0,0.0,4.0,4.0,2
1178,1.0,86,18930,0.0,0.0,4.0,3.0,2
1179,2.0,95,18036,5.0,1.0,7.0,6.0,2
1180,2.0,89,5931,8.0,5.0,7.0,6.0,2
1181,2.0,92,1280,12.0,0.0,7.0,2.0,0
1182,2.0,77,18403,3.0,1.0,3.0,3.0,2
1183,1.0,7,21440,1.0,4.0,5.0,5.0,2
1184,1.0,26,15935,1.0,2.0,3.0,7.0,2
1185,1.0,17,8918,6.0,0.0,7.0,6.0,2
1186,1.0,68,10727,10.0,0.0,3.0,3.0,2
1187,1.0,43,13892,3.0,5.0,5.0,4.0,2
1188,2.0,47,23452,10.0,5.0,5.0,2.0,2
1189,1.0,94,2618,0.0,1.0,3.0,3.0,1
1190,2.0,92,22091,0.0,6.0,3.0,6.0,2
1191,1.0,72,1000,5.0,0.0,5.0,7.0,0
1192,1.0,58,4407,7.0,2.0,4.0,3.0,1
1193,1.0,27,13599,8.0,1.0,3.0,6.0,2
1194,1.0,6,14405,4.0,2.0,7.0,3.0,2
1195,1.0,7,3227,2.0,0.0,5.0,3.0,1
1196,2.0,53,1903,8.0,0.0,4.0,6.0,0
1197,2.0,26,13042,0.0,5.0,5.0,5.0,2
1198,1.0,75,3668,8.0,3.0,7.0,4.0,1
1199,1.0,37,8896,4.0,4.0,7.0,4.0,2
1200,2.0,93,20451,10.0,6.0,5.0,2.0,2
1201,2.0,49,6428,2.0,6.0,7.0,4.0,2
1202,1.0,20,2313,9.0,2.0,4.0,1.0,1
1203,1.0,93,15787,2.0,2.0,4.0,6.0,2
1204,1.0,56,13184,3.0,6.0,7.0,5.0,2
1205,1.0,61,6888,2.0,0.0,5.0,1.0,2
1206,2.0,55,19032,10.0,5.0,5.0,7.0,2
1207,2.0,92,16333,11.0,6.0,5.0,1.0,2
1208,2.0,23,6818,2.0,6.0,4.0,1.0,2
1209,2.0,57,6761,7.0,3.0,3.0,7.0,2
1210,2.0,9,13885,12.0,3.0,3.0,2.0,2
1211,2.0,0,827,4.0,3.0,7.0,7.0,0
1212,1.0,19,11428,2.0,6.0,4.0,5.0,2
1213,1.0,71,9174,5.0,6.0,7.0,7.0,2
1214,2.0,50,22801,6.0,0.0,7.0,2.0,2
1215,2.0,38,12062,2.0,1.0,4.0,6.0,2
1216,2.0,67,20163,5.0,2.0,4.0,3.0,2
1217,2.0,30,10450,6.0,0.0,7.0,7.0,2
1218,1.0,37,5941,7.0,5.0,3.0,3.0,2
1219,1.0,56,8450,10.0,1.0,3.0,2.0,2
1220,2.0,5,20850,11.0,5.0,5.0,5.0,2
1221,2.0,59,15229,5.0,1.0,3.0,2.0,2
1222,1.0,80,4913,3.0,3.0,7.0,1.0,1
1223,2.0,90,19217,8.0,6.0,4.0,4.0,2
1224,1.0,61,23741,9.0,3.0,7.0,3.0,2
1225,1.0,31,5913,9.0,1.0,7.0,3.0,1
1226,2.0,70,3396,2.0,2.0,7.0,7.0,1
1227,2.0,89,16923,8.0,2.0,4.0,3.0,2
1228,1.0,75,21496,11.0,0.0,5.0,7.0,2
1229,1.0,17,23913,10.0,5.0,3.0,4.0,2
1230,2.0,31,3996,8.0,0.0,5.0,3.0,1
1231,1.0,31,2906,3.0,4.0,3.0,4.0,1
1232,2.0,84,5941,7.0,4.0,5.0,4.0,2
1233,2.0,90,11956,3.0,6.0,4.0,7.0,2
1234,1.0,39,2900,7.0,6.0,4.0,2.0,1
1235,1.0,50,14169,0.0,2.0,5.0,1.0,2
1236,2.0,74,8389,5.0,1.0,7.0,1.0,2
1237,2.0,38,4933,7.0,5.0,3.0,2.0,1
1238,1.0,68,24636,1.0,5.0,7.0,4.0,2
1239,2.0,39,3356,11.0,3.0,4.0,2.0,1
1240,2.0,79,16815,11.0,1.0,4.0,3.0,2
1241,2.0,13,14318,5.0,3.0,7.0,3.0,2
1242,1.0,35,26814,8.0,1.0,4.0,7.0,2
1243,1.0,11,10649,8.0,1.0,4.0,4.0,2
1244,1.0,75,17949,12.0,0.0,3.0,2.0,2
1245,2.0,54,2959,5.0,0.0,7.0,2.0,1
1246,1.0,36,5387,9.0,6.0,5.0,4.0,1
1247,1.0,82,17812,0.0,6.0,7.0,2.0,2
1248,2.0,75,11736,12.0,2.0,5.0,4.0,2
1249,2.0,51,5126,5.0,5.0,5.0,1.0,1
1250,1.0,34,895,11.0,5.0,5.0,4.0,0
1251,1.0,58,6355,2.0,6.0,7.0,6.0,2
1252,1.0,80,15168,12.0,4.0,3.0,7.0,2
1253,1.0,28,22038,2.0,5.0,3.0,5.0,2
1254,2.0,9,17820,2.0,3.0,4.0,5.0,2
1255,1.0,8,4694,0.0,4.0,7.0,6.0,1
1256,1.0,17,2614,8.0,0.0,7.0,4.0,1
1257,2.0,92,23119,11.0,3.0,4.0,3.0,2
1258,2.0,25,10213,9.0,0.0,7.0,4.0,2
1259,1.0,94,13929,0.0,1.0,4.0,1.0,2
1260,1.0,59,2075,9.0,1.0,4.0,4.0,0
1261,1.0,94,15898,9.0,0.0,5.0,5.0,2
1262,1.0,59,26781,4.0,0.0,4.0,6.0,2
1263,1.0,58,14567,4.0,2.0,5.0,2.0,2
1264,2.0,18,9832,2.0,2.0,5.0,7.0,2
1265,2.0,12,2835,6.0,1.0,4.0,1.0,1
1266,1.0,1,5040,6.0,5.0,4.0,1.0,1
1267,2.0,27,14600,11.0,5.0,4.0,2.0,2
1268,1.0,10,9742,12.0,2.0,4.0,4.0,2
1269,2.0,67,1452,0.0,1.0,4.0,7.0,0
1270,1.0,61,23905,8.0,5.0,3.0,7.0,2
1271,1.0,16,11739,1.0,5.0,7.0,6.0,2
1272,2.0,27,25522,5.0,3.0,4.0,3.0,2
1273,1.0,6,596,2.0,6.0,3.0,4.0,0
1274,1.0,0,5035,7.0,1.0,5.0,5.0,1
1275,1.0,7,13447,1.0,2.0,3.0,5.0,2
1276,1.0,25,21891,11.0,4.0,3.0,1.0,2
1277,1.0,67,5850,8.0,6.0,7.0,1.0,1
1278,1.0,59,16159,4.0,2.0,4.0,5.0,2
1279,2.0,36,22414,11.0,6.0,3.0,7.0,2
1280,2.0,44,19569,5.0,0.0,3.0,3.0,2
1281,1.0,85,10887,1.0,3.0,4.0,3.0,2
1282,1.0,72,22179,12.0,1.0,5.0,6.0,2
1283,2.0,38,23600,10.0,4.0,5.0,7.0,2
1284,2.0,42,14279,10.0,4.0,7.0,1.0,2
1285,2.0,97,2155,5.0,2.0,7.0,3.0,0
1286,2.0,36,21019,7.0,3.0,4.0,5.0,2
1287,1.0,68,6480,7.0,0.0,7.0,2.0,2
1288,1.0,91,2068,0.0,6.0,7.0,5.0,0
1289,2.0,13,7072,7.0,3.0,3.0,5.0,2
1290,2.0,13,12745,7.0,4.0,3.0,3.0,2
1291,2.0,41,18552,10.0,6.0,4.0,5.0,2
1292,2.0,72,9622,5.0,6.0,7.0,3.0,2
1293,1.0,6,12257,0.0,3.0,5.0,3.0,2
1294,2.0,94,8254,3.0,1.0,4.0,4.0,2
1295,2.0,12,1776,8.0,5.0,3.0,5.0,0
1296,2.0,98,18390,7.0,6.0,4.0,3.0,2
1297,1.0,3,3253,10.0,2.0,3.0,3.0,1
1298,1.0,16,23066,8.0,6.0,3.0,5.0,2
1299,1.0,5,11622,12.0,5.0,4.0,5.0,2
1300,2.0,40,5960,7.0,4.0,7.0,5.0,2
1301,1.0,55,2462,11.0,5.0,4.0,6.0,1
1302,1.0,29,12532,2.0,3.0,5.0,5.0,2
1303,2.0,53,11811,11.0,2.0,7.0,4.0,2
1304,1.0,22,3404,12.0,2.0,3.0,7.0,1
1305,2.0,23,10124,11.0,6.0,5.0,3.0,2
1306,1.0,36,16764,4.0,0.0,7.0,5.0,2
1307,1.0,59,24234,2.0,6.0,3.0,6.0,2
1308,2.0,34,24069,11.0,0.0,5.0,3.0,2
1309,2.0,70,7560,11.0,2.0,4.0,3.0,2
1310,1.0,6,3583,2.0,1.0,4.0,4.0,1
1311,1.0,88,5127,4.0,4.0,7.0,1.0,1
1312,2.0,76,14075,0.0,3.0,4.0,6.0,2
1313,1.0,17,6350,6.0,2.0,7.0,3.0,2
1314,2.0,95,14131,12.0,0.0,4.0,4.0,2
1315,2.0,48,20988,10.0,5.0,7.0,2.0,2
1316,2.0,37,3308,9.0,0.0,7.0,6.0,1
1317,1.0,0,9111,11.0,4.0,5.0,1.0,2
1318,1.0,74,22872,2.0,2.0,4.0,1.0,2
1319,1.0,4,5036,8.0,4.0,5.0,2.0,1
1320,1.0,95,11034,4.0,0.0,4.0,6.0,2
1321,1.0,60,15264,2.0,0.0,4.0,5.0,2
1322,2.0,10,10914,6.0,0.0,4.0,6.0,2
1323,1.0,29,15478,9.0,3.0,5.0,4.0,2
1324,2.0,97,3760,3.0,2.0,3.0,6.0,1
1325,2.0,13,4057,10.0,0.0,5.0,6.0,1
1326,1.0,19,8430,12.0,1.0,5.0,1.0,2
1327,2.0,41,26240,11.0,3.0,4.0,6.0,2
1328,1.0,76,6290,1.0,3.0,7.0,1.0,2
1329,2.0,44,23723,0.0,1.0,4.0,1.0,2
1330,2.0,51,5298,7.0,4.0,4.0,5.0,1
1331,2.0,16,13890,10.0,4.0,7.0,3.0,2
1332,1.0,37,2241,3.0,0.0,4.0,6.0,1
1333,1.0,14,7648,4.0,5.0,3.0,7.0,2
1334,1.0,36,5515,6.0,1.0,5.0,2.0,1
1335,1.0,4,835,7.0,2.0,5.0,1.0,0
1336,2.0,47,3270,10.0,4.0,5.0,1.0,1
1337,1.0,0,7013,6.0,4.0,3.0,3.0,2
1338,1.0,49,17049,9.0,0.0,5.0,7.0,2
1339,2.0,37,5016,9.0,1.0,7.0,1.0,1
1340,2.0,75,9983,11.0,6.0,5.0,2.0,2
1341,1.0,44,12923,11.0,2.0,4.0,6.0,2
1342,2.0,69,7137,0.0,4.0,4.0,5.0,2
1343,1.0,16,5878,3.0,1.0,5.0,2.0,1
1344,2.0,16,21809,4.0,6.0,3.0,4.0,2
1345,1.0,10,16935,10.0,0.0,7.0,1.0,2
1346,2.0,5,20500,0.0,6.0,4.0,1.0,2
1347,1.0,23,3854,9.0,0.0,3.0,1.0,1
1348,2.0,47,10285,4.0,0.0,7.0,3.0,2
1349,1.0,67,18661,3.0,4.0,7.0,2.0,2
1350,1.0,38,21396,0.0,5.0,5.0,6.0,2
1351,1.0,18,6425,0.0,3.0,5.0,7.0,2
1352,1.0,94,865,9.0,5.0,4.0,6.0,0
1353,1.0,80,7619,12.0,5.0,7.0,4.0,2
1354,1.0,31,7661,8.0,4.0,3.0,6.0,2
1355,2.0,42,11262,4.0,1.0,7.0,7.0,2
1356,1.0,47,12995,1.0,1.0,3.0,7.0,2
1357,2.0,21,25775,11.0,6.0,3.0,6.0,2
1358,1.0,97,21710,2.0,5.0,3.0,6.0,2
1359,2.0,55,24541,1.0,0.0,3.0,3.0,2
1360,1.0,74,8171,4.0,0.0,3.0,5.0,2
1361,2.0,31,25329,10.0,3.0,5.0,1.0,2
1362,1.0,83,27038,12.0,6.0,7.0,4.0,2
1363,2.0,66,5874,7.0,3.0,3.0,2.0,1
1364,1.0,19,4043,4.0,6.0,3.0,5.0,1
1365,2.0,31,26315,9.0,1.0,4.0,2.0,2
1366,2.0,19,3925,4.0,4.0,5.0,6.0,1
1367,2.0,39,17595,12.0,2.0,7.0,5.0,2
1368,1.0,39,5994,3.0,3.0,7.0,1.0,2
1369,2.0,61,17900,5.0,4.0,3.0,2.0,2
1370,1.0,97,2095,8.0,6.0,5.0,4.0,0
1371,1.0,44,19465,7.0,2.0,3.0,5.0,2
1372,1.0,54,4522,10.0,2.0,5.0,4.0,1
1373,1.0,94,14087,6.0,6.0,5.0,7.0,2
1374,2.0,62,26311,0.0,2.0,7.0,7.0,2
1375,1.0,76,11329,7.0,0.0,3.0,6.0,2
1376,2.0,16,9463,5.0,4.0,5.0,2.0,2
1377,1.0,80,6206,3.0,1.0,4.0,5.0,2
1378,2.0,6,12925,2.0,3.0,7.0,1.0,2
1379,1.0,68,10084,11.0,0.0,7.0,1.0,2
1380,1.0,45,2782,7.0,4.0,5.0,7.0,1
1381,2.0,84,2814,10.0,6.0,7.0,1.0,1
1382,1.0,30,7271,9.0,3.0,4.0,5.0,2
1383,1.0,76,14845,8.0,0.0,4.0,1.0,2
1384,1.0,53,25954,3.0,2.0,3.0,7.0,2
1385,1.0,33,21321,5.0,3.0,7.0,6.0,2
1386,1.0,90,5614,4.0,5.0,5.0,7.0,1
1387,1.0,18,17778,6.0,3.0,3.0,7.0,2
1388,1.0,6,26690,6.0,1.0,3.0,4.0,2
1389,1.0,2,22377,2.0,4.0,3.0,6.0,2
1390,2.0,26,6541,4.0,1.0,5.0,3.0,2
1391,1.0,25,15763,10.0,5.0,3.0,2.0,2
1392,2.0,13,16697,10.0,1.0,4.0,5.0,2
1393,1.0,63,518,5.0,3.0,7.0,3.0,0
1394,2.0,91,14780,1.0,3.0,7.0,1.0,2
1395,2.0,62,15995,5.0,3.0,4.0,2.0,2
1396,2.0,57,24899,1.0,4.0,3.0,3.0,2
1397,1.0,37,23846,7.0,6.0,4.0,4.0,2
1398,1.0,45,3081,3.0,0.0,4.0,3.0,1
1399,2.0,21,12276,5.0,0.0,7.0,7.0,2
1400,1.0,69,12021,9.0,6.0,4.0,4.0,2
1401,1.0,49,2200,12.0,5.0,4.0,4.0,0
1402,2.0,25,18901,8.0,1.0,5.0,1.0,2
1403,1.0,12,814,0.0,6.0,4.0,4.0,0
1404,2.0,52,25073,2.0,4.0,7.0,2.0,2
1405,2.0,70,6285,4.0,3.0,7.0,6.0,2
1406,1.0,47,24906,8.0,5.0,3.0,3.0,2
1407,2.0,73,5428,12.0,3.0,7.0,4.0,1
1408,1.0,10,22764,2.0,4.0,4.0,1.0,2
1409,1.0,72,17485,0.0,0.0,7.0,7.0,2
1410,1.0,90,8852,11.0,3.0,3.0,7.0,2
1411,1.0,16,3019,11.0,4.0,7.0,4.0,1
1412,2.0,95,5931,11.0,1.0,4.0,6.0,2
1413,1.0,94,8702,10.0,4.0,4.0,5.0,2
1414,1.0,38,24588,4.0,1.0,5.0,4.0,2
1415,1.0,48,2922,0.0,1.0,5.0,2.0,1
1416,2.0,60,18234,8.0,1.0,3.0,5.0,2
1417,2.0,6,5576,10.0,3.0,3.0,1.0,1
1418,1.0,70,21129,3.0,3.0,7.0,6.0,2
1419,1.0,1,14022,10.0,3.0,7.0,4.0,2
1420,1.0,63,5219,2.0,5.0,3.0,2.0,1
1421,1.0,65,5022,12.0,5.0,3.0,4.0,1
1422,1.0,21,24620,11.0,2.0,3.0,7.0,2
1423,2.0,46,19005,4.0,2.0,3.0,4.0,2
1424,1.0,0,17631,5.0,6.0,4.0,4.0,2
1425,2.0,86,14257,3.0,5.0,7.0,4.0,2
1426,2.0,36,17663,2.0,3.0,5.0,1.0,2
1427,1.0,26,4268,5.0,5.0,3.0,7.0,1
1428,2.0,20,25834,7.0,5.0,4.0,5.0,2
1429,1.0,84,17124,5.0,5.0,5.0,7.0,2
1430,2.0,34,20626,0.0,6.0,3.0,7.0,2
1431,2.0,61,10167,5.0,1.0,3.0,4.0,2
1432,1.0,30,4313,2.0,3.0,7.0,4.0,1
1433,2.0,27,19992,8.0,3.0,3.0,1.0,2
1434,1.0,100,24163,12.0,2.0,5.0,3.0,2
1435,1.0,73,16814,4.0,6.0,7.0,1.0,2
1436,1.0,72,19066,7.0,4.0,7.0,1.0,2
1437,1.0,52,4857,9.0,1.0,5.0,3.0,1
1438,1.0,84,10997,3.0,6.0,4.0,6.0,2
1439,1.0,23,1977,2.0,3.0,4.0,2.0,0
1440,2.0,62,8731,4.0,5.0,3.0,3.0,2
1441,2.0,48,1619,6.0,6.0,3.0,4.0,0
1442,1.0,59,16922,9.0,0.0,4.0,6.0,2
1443,2.0,43,13354,8.0,4.0,4.0,5.0,2
1444,2.0,42,3514,2.0,6.0,4.0,1.0,1
1445,1.0,13,9077,1.0,4.0,5.0,3.0,2
1446,2.0,9,22227,9.0,2.0,3.0,2.0,2
1447,1.0,27,12214,4.0,6.0,4.0,1.0,2
1448,1.0,90,23260,5.0,2.0,4.0,3.0,2
1449,2.0,34,21987,3.0,4.0,3.0,4.0,2
1450,1.0,70,16788,6.0,6.0,5.0,4.0,2
1451,1.0,41,24589,4.0,0.0,5.0,7.0,2
1452,1.0,37,6732,0.0,4.0,4.0,2.0,2
1453,1.0,6,13324,1.0,4.0,7.0,2.0,2
1454,2.0,58,1730,7.0,0.0,4.0,2.0,0
1455,1.0,85,12725,8.0,6.0,4.0,7.0,2
1456,2.0,3,3326,4.0,3.0,3.0,3.0,1
1457,1.0,75,19560,3.0,6.0,5.0,3.0,2
1458,2.0,11,3319,12.0,3.0,3.0,6.0,1
1459,2.0,29,7867,9.0,4.0,5.0,1.0,2
1460,1.0,78,24856,11.0,2.0,7.0,3.0,2
1461,2.0,83,10436,0.0,6.0,3.0,2.0,2
1462,1.0,26,19626,5.0,0.0,7.0,4.0,2
1463,1.0,80,12874,5.0,4.0,3.0,4.0,2
1464,2.0,35,22013,10.0,3.0,5.0,6.0,2
1465,2.0,52,1800,8.0,6.0,7.0,5.0,0
1466,2.0,17,7410,2.0,6.0,7.0,5.0,2
1467,2.0,80,5818,2.0,6.0,4.0,2.0,1
1468,1.0,10,8889,3.0,1.0,5.0,4.0,2
1469,2.0,60,2876,2.0,2.0,3.0,2.0,1
1470,1.0,73,19825,6.0,3.0,3.0,2.0,2
1471,2.0,99,4607,7.0,4.0,7.0,7.0,1
1472,2.0,25,26617,12.0,4.0,3.0,1.0,2
1473,1.0,26,8827,9.0,6.0,4.0,1.0,2
1474,2.0,51,6407,12.0,5.0,3.0,5.0,2
1475,1.0,79,14171,5.0,5.0,4.0,2.0,2
1476,2.0,27,10904,8.0,1.0,5.0,7.0,2
1477,2.0,4,24753,11.0,4.0,5.0,4.0,2
1478,1.0,85,7285,0.0,6.0,5.0,4.0,2
1479,1.0,53,14776,3.0,1.0,7.0,7.0,2
1480,1.0,23,12631,12.0,6.0,7.0,2.0,2
1481,1.0,22,26390,7.0,4.0,5.0,4.0,2
1482,1.0,92,22711,5.0,5.0,3.0,3.0,2
1483,1.0,43,10826,11.0,2.0,3.0,2.0,2
1484,1.0,6,2685,5.0,3.0,4.0,4.0,1
1485,2.0,13,15865,12.0,3.0,3.0,3.0,2
1486,1.0,77,23093,4.0,6.0,3.0,6.0,2
1487,2.0,17,14332,10.0,1.0,3.0,7.0,2
1488,2.0,40,5108,11.0,0.0,4.0,5.0,1
1489,1.0,94,13726,1.0,3.0,5.0,6.0,2
1490,2.0,68,2576,11.0,1.0,7.0,1.0,1
1491,2.0,18,5280,4.0,0.0,5.0,7.0,1
1492,1.0,2,22079,5.0,4.0,5.0,5.0,2
1493,2.0,27,26545,9.0,6.0,3.0,3.0,2
1494,1.0,8,26700,8.0,2.0,7.0,5.0,2
1495,2.0,79,24653,3.0,1.0,4.0,3.0,2
1496,2.0,51,3618,11.0,6.0,3.0,4.0,1
1497,1.0,87,2170,3.0,3.0,3.0,4.0,0
1498,2.0,47,12887,9.0,5.0,4.0,2.0,2
1499,2.0,63,20717,3.0,4.0,4.0,3.0,2
1500,1.0,30,25240,3.0,3.0,5.0,6.0,2
1501,1.0,13,21472,7.0,2.0,5.0,5.0,2
1502,2.0,92,8404,12.0,6.0,3.0,2.0,2
1503,2.0,46,22950,10.0,1.0,4.0,2.0,2
1504,1.0,14,1978,6.0,0.0,5.0,3.0,0
1505,2.0,46,5408,6.0,0.0,3.0,6.0,1
1506,1.0,45,20284,7.0,0.0,4.0,5.0,2
1507,1.0,97,12259,7.0,6.0,3.0,6.0,2
1508,2.0,4,18253,0.0,1.0,4.0,3.0,2
1509,1.0,10,12708,12.0,6.0,3.0,5.0,2
1510,1.0,63,5518,11.0,0.0,5.0,5.0,1
1511,2.0,18,18953,5.0,4.0,4.0,6.0,2
1512,1.0,100,12339,9.0,5.0,7.0,1.0,2
1513,2.0,72,19651,7.0,2.0,4.0,4.0,2
1514,2.0,58,18809,3.0,1.0,7.0,5.0,2
1515,2.0,73,21782,11.0,3.0,7.0,1.0,2
1516,1.0,13,17345,12.0,5.0,3.0,2.0,2
1517,2.0,12,417,4.0,4.0,3.0,6.0,0
1518,2.0,29,24125,2.0,0.0,3.0,4.0,2
1519,2.0,78,20284,4.0,1.0,4.0,2.0,2
1520,2.0,77,6779,4.0,6.0,3.0,1.0,2
1521,1.0,9,15931,8.0,2.0,4.0,7.0,2
1522,1.0,46,1598,9.0,2.0,5.0,2.0,0
1523,2.0,60,3179,7.0,6.0,3.0,6.0,1
1524,1.0,76,13294,12.0,5.0,7.0,5.0,2
1525,1.0,29,16226,4.0,6.0,3.0,7.0,2
1526,1.0,75,11202,9.0,5.0,3.0,3.0,2
1527,2.0,24,25155,7.0,5.0,5.0,7.0,2
1528,1.0,59,23292,5.0,3.0,4.0,7.0,2
1529,1.0,72,20384,4.0,0.0,7.0,7.0,2
1530,1.0,15,8468,2.0,3.0,3.0,4.0,2
1531,1.0,54,8912,9.0,3.0,4.0,1.0,2
1532,1.0,32,26586,9.0,6.0,5.0,1.0,2
1533,2.0,80,15666,4.0,1.0,5.0,4.0,2
1534,1.0,11,17805,2.0,1.0,5.0,4.0,2
1535,1.0,15,19264,2.0,3.0,4.0,7.0,2
1536,2.0,25,26131,2.0,3.0,4.0,5.0,2
1537,2.0,21,6031,2.0,1.0,5.0,1.0,2
1538,2.0,22,20800,9.0,3.0,7.0,5.0,2
1539,2.0,81,25512,11.0,5.0,7.0,7.0,2
1540,1.0,92,10779,10.0,4.0,4.0,2.0,2
1541,1.0,91,7271,10.0,0.0,5.0,7.0,2
1542,1.0,72,5543,4.0,2.0,7.0,5.0,1
1543,1.0,91,15429,3.0,5.0,4.0,6.0,2
1544,1.0,92,6220,12.0,1.0,7.0,2.0,2
1545,2.0,99,19632,1.0,3.0,7.0,3.0,2
1546,1.0,30,10892,6.0,4.0,4.0,7.0,2
1547,2.0,41,1829,8.0,3.0,7.0,1.0,0
1548,2.0,9,21157,7.0,2.0,4.0,7.0,2
1549,2.0,52,2383,5.0,2.0,7.0,4.0,1
1550,1.0,43,3719,3.0,5.0,3.0,4.0,1
1551,1.0,81,5639,11.0,2.0,7.0,7.0,1
1552,2.0,50,5911,8.0,2.0,4.0,6.0,1
1553,2.0,16,5710,10.0,2.0,5.0,2.0,1
1554,2.0,64,25262,6.0,2.0,3.0,6.0,2
1555,2.0,26,6451,11.0,3.0,5.0,1.0,2
1556,2.0,7,16393,11.0,2.0,3.0,1.0,2
1557,2.0,54,8139,1.0,5.0,5.0,4.0,2
1558,1.0,82,13977,8.0,4.0,4.0,3.0,2
1559,2.0,58,12970,2.0,6.0,4.0,7.0,2
1560,2.0,75,6026,4.0,6.0,7.0,2.0,2
1561,2.0,57,1283,7.0,4.0,7.0,6.0,0
1562,2.0,58,22082,5.0,0.0,5.0,6.0,2
1563,2.0,76,9971,2.0,3.0,4.0,1.0,2
1564,1.0,13,19351,9.0,2.0,7.0,2.0,2
1565,2.0,72,26173,1.0,0.0,5.0,7.0,2
1566,1.0,18,12261,11.0,6.0,4.0,1.0,2
1567,2.0,17,4570,2.0,0.0,4.0,3.0,1
1568,2.0,42,10184,1.0,5.0,5.0,4.0,2
1569,1.0,44,27191,7.0,6.0,3.0,7.0,2
1570,2.0,98,21238,10.0,5.0,7.0,3.0,2
1571,1.0,75,5089,2.0,2.0,5.0,5.0,1
1572,1.0,87,20425,8.0,0.0,3.0,5.0,2
